STATION,NAME,DATE,PRCP,SNOW,SNWD,TMAX,TMIN
USW00094789,"JFK INTERNATIONAL AIRPORT, NY US",1/1/06,0,0,0,42,30
USW00094789,"JFK INTERNATIONAL AIRPORT, NY US",1/2/06,0.5,0,0,45,34
USW00094789,"JFK INTERNATIONAL AIRPORT, NY US",1/3/06,0.98,0,0,42,34
USW00094789,"JFK INTERNATIONAL AIRPORT, NY US",1/4/06,0,0,0,39,28
USW00094789,"JFK INTERNATIONAL AIRPORT, NY US",1/5/06,0.04,0,0,51,35
USW00094789,"JFK INTERNATIONAL AIRPORT, NY US",1/6/06,0,0,0,41,29
USW00094789,"JFK INTERNATIONAL AIRPORT, NY US",1/7/06,0,0,0,34,24
USW00094789,"JFK INTERNATIONAL AIRPORT, NY US",1/8/06,0,0,0,45,33
USW00094789,"JFK INTERNATIONAL AIRPORT, NY US",1/9/06,0,0,0,58,41
USW00094789,"JFK INTERNATIONAL AIRPORT, NY US",1/10/06,0,0,0,49,37
USW00094789,"JFK INTERNATIONAL AIRPORT, NY US",1/11/06,0.14,0,0,53,35
USW00094789,"JFK INTERNATIONAL AIRPORT, NY US",1/12/06,0,0,0,54,40
USW00094789,"JFK INTERNATIONAL AIRPORT, NY US",1/13/06,0.07,0,0,52,38
USW00094789,"JFK INTERNATIONAL AIRPORT, NY US",1/14/06,1.01,0,0,55,33
USW00094789,"JFK INTERNATIONAL AIRPORT, NY US",1/15/06,0.19,2.1,2,33,14
USW00094789,"JFK INTERNATIONAL AIRPORT, NY US",1/16/06,0,0,2,31,14
USW00094789,"JFK INTERNATIONAL AIRPORT, NY US",1/17/06,0.08,0,2,44,21
USW00094789,"JFK INTERNATIONAL AIRPORT, NY US",1/18/06,0.45,0,0,57,36
USW00094789,"JFK INTERNATIONAL AIRPORT, NY US",1/19/06,0,0,0,45,33
USW00094789,"JFK INTERNATIONAL AIRPORT, NY US",1/20/06,0,0,0,56,36
USW00094789,"JFK INTERNATIONAL AIRPORT, NY US",1/21/06,0,0,0,61,37
USW00094789,"JFK INTERNATIONAL AIRPORT, NY US",1/22/06,0,0,0,43,29
USW00094789,"JFK INTERNATIONAL AIRPORT, NY US",1/23/06,0.73,0,0,42,37
USW00094789,"JFK INTERNATIONAL AIRPORT, NY US",1/24/06,0,0,0,43,31
USW00094789,"JFK INTERNATIONAL AIRPORT, NY US",1/25/06,0.02,0,0,45,33
USW00094789,"JFK INTERNATIONAL AIRPORT, NY US",1/26/06,0,0,0,37,25
USW00094789,"JFK INTERNATIONAL AIRPORT, NY US",1/27/06,0,0,0,41,22
USW00094789,"JFK INTERNATIONAL AIRPORT, NY US",1/28/06,0,0,0,55,32
USW00094789,"JFK INTERNATIONAL AIRPORT, NY US",1/29/06,0.09,0,0,47,34
USW00094789,"JFK INTERNATIONAL AIRPORT, NY US",1/30/06,0,0,0,62,39
USW00094789,"JFK INTERNATIONAL AIRPORT, NY US",1/31/06,0.06,0,0,42,38
USW00094789,"JFK INTERNATIONAL AIRPORT, NY US",2/1/06,0,0,0,44,34
USW00094789,"JFK INTERNATIONAL AIRPORT, NY US",2/2/06,0,0,0,48,32
USW00094789,"JFK INTERNATIONAL AIRPORT, NY US",2/3/06,0.47,0,0,61,43
USW00094789,"JFK INTERNATIONAL AIRPORT, NY US",2/4/06,0.29,0,0,54,38
USW00094789,"JFK INTERNATIONAL AIRPORT, NY US",2/5/06,0.16,0,0,54,37
USW00094789,"JFK INTERNATIONAL AIRPORT, NY US",2/6/06,0,0,0,40,34
USW00094789,"JFK INTERNATIONAL AIRPORT, NY US",2/7/06,0,0,0,44,31
USW00094789,"JFK INTERNATIONAL AIRPORT, NY US",2/8/06,0,0,0,38,27
USW00094789,"JFK INTERNATIONAL AIRPORT, NY US",2/9/06,0,0,0,35,23
USW00094789,"JFK INTERNATIONAL AIRPORT, NY US",2/10/06,0,0,0,38,25
USW00094789,"JFK INTERNATIONAL AIRPORT, NY US",2/11/06,0.18,1.7,0,39,28
USW00094789,"JFK INTERNATIONAL AIRPORT, NY US",2/12/06,1.04,15,6,28,23
USW00094789,"JFK INTERNATIONAL AIRPORT, NY US",2/13/06,0,0,17,34,20
USW00094789,"JFK INTERNATIONAL AIRPORT, NY US",2/14/06,0,0,14,39,28
USW00094789,"JFK INTERNATIONAL AIRPORT, NY US",2/15/06,0,0,12,46,28
USW00094789,"JFK INTERNATIONAL AIRPORT, NY US",2/16/06,0,0,7,52,32
USW00094789,"JFK INTERNATIONAL AIRPORT, NY US",2/17/06,0.08,0,1,57,32
USW00094789,"JFK INTERNATIONAL AIRPORT, NY US",2/18/06,0,0,0,35,15
USW00094789,"JFK INTERNATIONAL AIRPORT, NY US",2/19/06,0,0,0,30,15
USW00094789,"JFK INTERNATIONAL AIRPORT, NY US",2/20/06,0,0,0,36,23
USW00094789,"JFK INTERNATIONAL AIRPORT, NY US",2/21/06,0,0,0,42,27
USW00094789,"JFK INTERNATIONAL AIRPORT, NY US",2/22/06,0,0,0,43,26
USW00094789,"JFK INTERNATIONAL AIRPORT, NY US",2/23/06,0,0,0,47,34
USW00094789,"JFK INTERNATIONAL AIRPORT, NY US",2/24/06,0,0,0,40,28
USW00094789,"JFK INTERNATIONAL AIRPORT, NY US",2/25/06,0,0,0,49,24
USW00094789,"JFK INTERNATIONAL AIRPORT, NY US",2/26/06,0,0,0,30,18
USW00094789,"JFK INTERNATIONAL AIRPORT, NY US",2/27/06,0,0,0,32,18
USW00094789,"JFK INTERNATIONAL AIRPORT, NY US",2/28/06,0,0.1,0,34,22
USW00094789,"JFK INTERNATIONAL AIRPORT, NY US",3/1/06,0,0,0,42,27
USW00094789,"JFK INTERNATIONAL AIRPORT, NY US",3/2/06,0.57,0.5,0,34,24
USW00094789,"JFK INTERNATIONAL AIRPORT, NY US",3/3/06,0,0,1,33,22
USW00094789,"JFK INTERNATIONAL AIRPORT, NY US",3/4/06,0,0,0,39,24
USW00094789,"JFK INTERNATIONAL AIRPORT, NY US",3/5/06,0,0,0,48,31
USW00094789,"JFK INTERNATIONAL AIRPORT, NY US",3/6/06,0,0,0,43,31
USW00094789,"JFK INTERNATIONAL AIRPORT, NY US",3/7/06,0,0,0,44,29
USW00094789,"JFK INTERNATIONAL AIRPORT, NY US",3/8/06,0,0,0,44,28
USW00094789,"JFK INTERNATIONAL AIRPORT, NY US",3/9/06,0,0,0,51,39
USW00094789,"JFK INTERNATIONAL AIRPORT, NY US",3/10/06,0,0,0,71,44
USW00094789,"JFK INTERNATIONAL AIRPORT, NY US",3/11/06,0,0,0,63,46
USW00094789,"JFK INTERNATIONAL AIRPORT, NY US",3/12/06,0.62,0,0,50,44
USW00094789,"JFK INTERNATIONAL AIRPORT, NY US",3/13/06,0,0,0,56,46
USW00094789,"JFK INTERNATIONAL AIRPORT, NY US",3/14/06,0.03,0,0,61,39
USW00094789,"JFK INTERNATIONAL AIRPORT, NY US",3/15/06,0,0,0,47,36
USW00094789,"JFK INTERNATIONAL AIRPORT, NY US",3/16/06,0,0,0,49,35
USW00094789,"JFK INTERNATIONAL AIRPORT, NY US",3/17/06,0,0,0,46,31
USW00094789,"JFK INTERNATIONAL AIRPORT, NY US",3/18/06,0,0,0,43,29
USW00094789,"JFK INTERNATIONAL AIRPORT, NY US",3/19/06,0,0,0,43,30
USW00094789,"JFK INTERNATIONAL AIRPORT, NY US",3/20/06,0,0,0,42,27
USW00094789,"JFK INTERNATIONAL AIRPORT, NY US",3/21/06,0,0,0,42,24
USW00094789,"JFK INTERNATIONAL AIRPORT, NY US",3/22/06,0,0,0,47,32
USW00094789,"JFK INTERNATIONAL AIRPORT, NY US",3/23/06,0,0,0,53,34
USW00094789,"JFK INTERNATIONAL AIRPORT, NY US",3/24/06,0,0,0,52,37
USW00094789,"JFK INTERNATIONAL AIRPORT, NY US",3/25/06,0,0,0,47,37
USW00094789,"JFK INTERNATIONAL AIRPORT, NY US",3/26/06,0,0,0,52,38
USW00094789,"JFK INTERNATIONAL AIRPORT, NY US",3/27/06,0,0,0,59,38
USW00094789,"JFK INTERNATIONAL AIRPORT, NY US",3/28/06,0,0,0,52,40
USW00094789,"JFK INTERNATIONAL AIRPORT, NY US",3/29/06,0,0,0,56,36
USW00094789,"JFK INTERNATIONAL AIRPORT, NY US",3/30/06,0,0,0,62,37
USW00094789,"JFK INTERNATIONAL AIRPORT, NY US",3/31/06,0,0,0,57,42
USW00094789,"JFK INTERNATIONAL AIRPORT, NY US",4/1/06,0.01,0,0,67,48
USW00094789,"JFK INTERNATIONAL AIRPORT, NY US",4/2/06,0,0,0,67,47
USW00094789,"JFK INTERNATIONAL AIRPORT, NY US",4/3/06,0.24,0,0,54,40
USW00094789,"JFK INTERNATIONAL AIRPORT, NY US",4/4/06,0.02,0,0,56,40
USW00094789,"JFK INTERNATIONAL AIRPORT, NY US",4/5/06,0.36,1,0,47,32
USW00094789,"JFK INTERNATIONAL AIRPORT, NY US",4/6/06,0,0,0,53,39
USW00094789,"JFK INTERNATIONAL AIRPORT, NY US",4/7/06,0.03,0,0,57,41
USW00094789,"JFK INTERNATIONAL AIRPORT, NY US",4/8/06,0.66,0,0,56,38
USW00094789,"JFK INTERNATIONAL AIRPORT, NY US",4/9/06,0,0,0,57,37
USW00094789,"JFK INTERNATIONAL AIRPORT, NY US",4/10/06,0,0,0,55,41
USW00094789,"JFK INTERNATIONAL AIRPORT, NY US",4/11/06,0,0,0,59,39
USW00094789,"JFK INTERNATIONAL AIRPORT, NY US",4/12/06,0,0,0,59,44
USW00094789,"JFK INTERNATIONAL AIRPORT, NY US",4/13/06,0,0,0,76,50
USW00094789,"JFK INTERNATIONAL AIRPORT, NY US",4/14/06,0.2,0,0,59,49
USW00094789,"JFK INTERNATIONAL AIRPORT, NY US",4/15/06,0,0,0,80,48
USW00094789,"JFK INTERNATIONAL AIRPORT, NY US",4/16/06,0,0,0,66,51
USW00094789,"JFK INTERNATIONAL AIRPORT, NY US",4/17/06,0,0,0,63,46
USW00094789,"JFK INTERNATIONAL AIRPORT, NY US",4/18/06,0,0,0,71,46
USW00094789,"JFK INTERNATIONAL AIRPORT, NY US",4/19/06,0,0,0,73,46
USW00094789,"JFK INTERNATIONAL AIRPORT, NY US",4/20/06,0,0,0,78,52
USW00094789,"JFK INTERNATIONAL AIRPORT, NY US",4/21/06,0,0,0,57,46
USW00094789,"JFK INTERNATIONAL AIRPORT, NY US",4/22/06,0.83,0,0,48,44
USW00094789,"JFK INTERNATIONAL AIRPORT, NY US",4/23/06,2.13,0,0,61,47
USW00094789,"JFK INTERNATIONAL AIRPORT, NY US",4/24/06,0.2,0,0,57,46
USW00094789,"JFK INTERNATIONAL AIRPORT, NY US",4/25/06,0,0,0,66,47
USW00094789,"JFK INTERNATIONAL AIRPORT, NY US",4/26/06,0,0,0,52,41
USW00094789,"JFK INTERNATIONAL AIRPORT, NY US",4/27/06,0,0,0,69,44
USW00094789,"JFK INTERNATIONAL AIRPORT, NY US",4/28/06,0,0,0,62,45
USW00094789,"JFK INTERNATIONAL AIRPORT, NY US",4/29/06,0,0,0,64,42
USW00094789,"JFK INTERNATIONAL AIRPORT, NY US",4/30/06,0,0,0,70,42
USW00094789,"JFK INTERNATIONAL AIRPORT, NY US",5/1/06,0,0,0,70,47
USW00094789,"JFK INTERNATIONAL AIRPORT, NY US",5/2/06,0,0,0,68,49
USW00094789,"JFK INTERNATIONAL AIRPORT, NY US",5/3/06,0.19,0,0,69,51
USW00094789,"JFK INTERNATIONAL AIRPORT, NY US",5/4/06,0,0,0,74,55
USW00094789,"JFK INTERNATIONAL AIRPORT, NY US",5/5/06,0,0,0,78,57
USW00094789,"JFK INTERNATIONAL AIRPORT, NY US",5/6/06,0,0,0,70,50
USW00094789,"JFK INTERNATIONAL AIRPORT, NY US",5/7/06,0,0,0,62,45
USW00094789,"JFK INTERNATIONAL AIRPORT, NY US",5/8/06,0,0,0,64,51
USW00094789,"JFK INTERNATIONAL AIRPORT, NY US",5/9/06,0,0,0,62,53
USW00094789,"JFK INTERNATIONAL AIRPORT, NY US",5/10/06,0.03,0,0,65,52
USW00094789,"JFK INTERNATIONAL AIRPORT, NY US",5/11/06,0.03,0,0,61,52
USW00094789,"JFK INTERNATIONAL AIRPORT, NY US",5/12/06,1,0,0,66,56
USW00094789,"JFK INTERNATIONAL AIRPORT, NY US",5/13/06,0,0,0,71,52
USW00094789,"JFK INTERNATIONAL AIRPORT, NY US",5/14/06,0,0,0,61,50
USW00094789,"JFK INTERNATIONAL AIRPORT, NY US",5/15/06,0.76,0,0,65,51
USW00094789,"JFK INTERNATIONAL AIRPORT, NY US",5/16/06,0.98,0,0,65,53
USW00094789,"JFK INTERNATIONAL AIRPORT, NY US",5/17/06,0,0,0,68,53
USW00094789,"JFK INTERNATIONAL AIRPORT, NY US",5/18/06,0.02,0,0,69,55
USW00094789,"JFK INTERNATIONAL AIRPORT, NY US",5/19/06,1.08,0,0,65,51
USW00094789,"JFK INTERNATIONAL AIRPORT, NY US",5/20/06,0,0,0,69,52
USW00094789,"JFK INTERNATIONAL AIRPORT, NY US",5/21/06,0.05,0,0,68,50
USW00094789,"JFK INTERNATIONAL AIRPORT, NY US",5/22/06,0,0,0,65,48
USW00094789,"JFK INTERNATIONAL AIRPORT, NY US",5/23/06,0,0,0,69,45
USW00094789,"JFK INTERNATIONAL AIRPORT, NY US",5/24/06,0,0,0,73,52
USW00094789,"JFK INTERNATIONAL AIRPORT, NY US",5/25/06,0,0,0,71,52
USW00094789,"JFK INTERNATIONAL AIRPORT, NY US",5/26/06,0.15,0,0,68,57
USW00094789,"JFK INTERNATIONAL AIRPORT, NY US",5/27/06,0,0,0,84,59
USW00094789,"JFK INTERNATIONAL AIRPORT, NY US",5/28/06,0,0,0,79,61
USW00094789,"JFK INTERNATIONAL AIRPORT, NY US",5/29/06,0,0,0,77,59
USW00094789,"JFK INTERNATIONAL AIRPORT, NY US",5/30/06,0,0,0,83,63
USW00094789,"JFK INTERNATIONAL AIRPORT, NY US",5/31/06,0,0,0,67,62
USW00094789,"JFK INTERNATIONAL AIRPORT, NY US",6/1/06,0.33,0,0,77,62
USW00094789,"JFK INTERNATIONAL AIRPORT, NY US",6/2/06,0.75,0,0,78,66
USW00094789,"JFK INTERNATIONAL AIRPORT, NY US",6/3/06,0.67,0,0,68,57
USW00094789,"JFK INTERNATIONAL AIRPORT, NY US",6/4/06,0.07,0,0,69,56
USW00094789,"JFK INTERNATIONAL AIRPORT, NY US",6/5/06,0,0,0,69,59
USW00094789,"JFK INTERNATIONAL AIRPORT, NY US",6/6/06,0,0,0,72,57
USW00094789,"JFK INTERNATIONAL AIRPORT, NY US",6/7/06,1.18,0,0,63,57
USW00094789,"JFK INTERNATIONAL AIRPORT, NY US",6/8/06,0.09,0,0,66,57
USW00094789,"JFK INTERNATIONAL AIRPORT, NY US",6/9/06,0.43,0,0,76,58
USW00094789,"JFK INTERNATIONAL AIRPORT, NY US",6/10/06,0,0,0,69,57
USW00094789,"JFK INTERNATIONAL AIRPORT, NY US",6/11/06,0,0,0,71,53
USW00094789,"JFK INTERNATIONAL AIRPORT, NY US",6/12/06,0,0,0,69,57
USW00094789,"JFK INTERNATIONAL AIRPORT, NY US",6/13/06,0,0,0,79,64
USW00094789,"JFK INTERNATIONAL AIRPORT, NY US",6/14/06,0,0,0,72,62
USW00094789,"JFK INTERNATIONAL AIRPORT, NY US",6/15/06,0.04,0,0,82,66
USW00094789,"JFK INTERNATIONAL AIRPORT, NY US",6/16/06,0,0,0,87,63
USW00094789,"JFK INTERNATIONAL AIRPORT, NY US",6/17/06,0,0,0,80,62
USW00094789,"JFK INTERNATIONAL AIRPORT, NY US",6/18/06,0,0,0,80,67
USW00094789,"JFK INTERNATIONAL AIRPORT, NY US",6/19/06,0.01,0,0,81,66
USW00094789,"JFK INTERNATIONAL AIRPORT, NY US",6/20/06,0,0,0,83,67
USW00094789,"JFK INTERNATIONAL AIRPORT, NY US",6/21/06,0,0,0,78,65
USW00094789,"JFK INTERNATIONAL AIRPORT, NY US",6/22/06,0,0,0,81,65
USW00094789,"JFK INTERNATIONAL AIRPORT, NY US",6/23/06,0.36,0,0,83,68
USW00094789,"JFK INTERNATIONAL AIRPORT, NY US",6/24/06,1.35,0,0,73,67
USW00094789,"JFK INTERNATIONAL AIRPORT, NY US",6/25/06,0.74,0,0,74,67
USW00094789,"JFK INTERNATIONAL AIRPORT, NY US",6/26/06,0.01,0,0,77,69
USW00094789,"JFK INTERNATIONAL AIRPORT, NY US",6/27/06,0,0,0,78,70
USW00094789,"JFK INTERNATIONAL AIRPORT, NY US",6/28/06,0.3,0,0,80,67
USW00094789,"JFK INTERNATIONAL AIRPORT, NY US",6/29/06,0.08,0,0,81,66
USW00094789,"JFK INTERNATIONAL AIRPORT, NY US",6/30/06,0,0,0,83,65
USW00094789,"JFK INTERNATIONAL AIRPORT, NY US",7/1/06,0,0,0,81,65
USW00094789,"JFK INTERNATIONAL AIRPORT, NY US",7/2/06,0.03,0,0,90,69
USW00094789,"JFK INTERNATIONAL AIRPORT, NY US",7/3/06,0,0,0,86,72
USW00094789,"JFK INTERNATIONAL AIRPORT, NY US",7/4/06,0.65,0,0,86,71
USW00094789,"JFK INTERNATIONAL AIRPORT, NY US",7/5/06,0.95,0,0,76,69
USW00094789,"JFK INTERNATIONAL AIRPORT, NY US",7/6/06,0.57,0,0,78,62
USW00094789,"JFK INTERNATIONAL AIRPORT, NY US",7/7/06,0,0,0,81,62
USW00094789,"JFK INTERNATIONAL AIRPORT, NY US",7/8/06,0,0,0,81,67
USW00094789,"JFK INTERNATIONAL AIRPORT, NY US",7/9/06,0,0,0,84,69
USW00094789,"JFK INTERNATIONAL AIRPORT, NY US",7/10/06,0,0,0,79,66
USW00094789,"JFK INTERNATIONAL AIRPORT, NY US",7/11/06,0,0,0,81,68
USW00094789,"JFK INTERNATIONAL AIRPORT, NY US",7/12/06,1.41,0,0,81,71
USW00094789,"JFK INTERNATIONAL AIRPORT, NY US",7/13/06,0.03,0,0,86,68
USW00094789,"JFK INTERNATIONAL AIRPORT, NY US",7/14/06,0,0,0,79,66
USW00094789,"JFK INTERNATIONAL AIRPORT, NY US",7/15/06,0,0,0,79,67
USW00094789,"JFK INTERNATIONAL AIRPORT, NY US",7/16/06,0,0,0,94,69
USW00094789,"JFK INTERNATIONAL AIRPORT, NY US",7/17/06,0,0,0,93,74
USW00094789,"JFK INTERNATIONAL AIRPORT, NY US",7/18/06,0.06,0,0,95,73
USW00094789,"JFK INTERNATIONAL AIRPORT, NY US",7/19/06,0,0,0,87,73
USW00094789,"JFK INTERNATIONAL AIRPORT, NY US",7/20/06,0,0,0,84,70
USW00094789,"JFK INTERNATIONAL AIRPORT, NY US",7/21/06,1.04,0,0,85,71
USW00094789,"JFK INTERNATIONAL AIRPORT, NY US",7/22/06,0.09,0,0,79,72
USW00094789,"JFK INTERNATIONAL AIRPORT, NY US",7/23/06,0.01,0,0,79,68
USW00094789,"JFK INTERNATIONAL AIRPORT, NY US",7/24/06,0,0,0,83,66
USW00094789,"JFK INTERNATIONAL AIRPORT, NY US",7/25/06,0,0,0,80,69
USW00094789,"JFK INTERNATIONAL AIRPORT, NY US",7/26/06,0,0,0,83,70
USW00094789,"JFK INTERNATIONAL AIRPORT, NY US",7/27/06,0.17,0,0,83,72
USW00094789,"JFK INTERNATIONAL AIRPORT, NY US",7/28/06,0.05,0,0,85,73
USW00094789,"JFK INTERNATIONAL AIRPORT, NY US",7/29/06,0,0,0,90,74
USW00094789,"JFK INTERNATIONAL AIRPORT, NY US",7/30/06,0,0,0,91,79
USW00094789,"JFK INTERNATIONAL AIRPORT, NY US",7/31/06,0,0,0,88,73
USW00094789,"JFK INTERNATIONAL AIRPORT, NY US",8/1/06,0,0,0,97,76
USW00094789,"JFK INTERNATIONAL AIRPORT, NY US",8/2/06,0,0,0,97,80
USW00094789,"JFK INTERNATIONAL AIRPORT, NY US",8/3/06,0.02,0,0,99,79
USW00094789,"JFK INTERNATIONAL AIRPORT, NY US",8/4/06,0,0,0,93,76
USW00094789,"JFK INTERNATIONAL AIRPORT, NY US",8/5/06,0,0,0,91,69
USW00094789,"JFK INTERNATIONAL AIRPORT, NY US",8/6/06,0,0,0,83,71
USW00094789,"JFK INTERNATIONAL AIRPORT, NY US",8/7/06,0,0,0,87,74
USW00094789,"JFK INTERNATIONAL AIRPORT, NY US",8/8/06,0,0,0,89,71
USW00094789,"JFK INTERNATIONAL AIRPORT, NY US",8/9/06,0,0,0,81,67
USW00094789,"JFK INTERNATIONAL AIRPORT, NY US",8/10/06,0.76,0,0,84,69
USW00094789,"JFK INTERNATIONAL AIRPORT, NY US",8/11/06,0,0,0,80,64
USW00094789,"JFK INTERNATIONAL AIRPORT, NY US",8/12/06,0,0,0,79,61
USW00094789,"JFK INTERNATIONAL AIRPORT, NY US",8/13/06,0,0,0,83,60
USW00094789,"JFK INTERNATIONAL AIRPORT, NY US",8/14/06,0,0,0,82,64
USW00094789,"JFK INTERNATIONAL AIRPORT, NY US",8/15/06,0.01,0,0,81,70
USW00094789,"JFK INTERNATIONAL AIRPORT, NY US",8/16/06,0,0,0,83,66
USW00094789,"JFK INTERNATIONAL AIRPORT, NY US",8/17/06,0,0,0,84,68
USW00094789,"JFK INTERNATIONAL AIRPORT, NY US",8/18/06,0,0,0,81,67
USW00094789,"JFK INTERNATIONAL AIRPORT, NY US",8/19/06,0,0,0,81,66
USW00094789,"JFK INTERNATIONAL AIRPORT, NY US",8/20/06,0.13,0,0,91,73
USW00094789,"JFK INTERNATIONAL AIRPORT, NY US",8/21/06,0,0,0,88,69
USW00094789,"JFK INTERNATIONAL AIRPORT, NY US",8/22/06,0,0,0,83,69
USW00094789,"JFK INTERNATIONAL AIRPORT, NY US",8/23/06,0,0,0,89,68
USW00094789,"JFK INTERNATIONAL AIRPORT, NY US",8/24/06,0,0,0,80,69
USW00094789,"JFK INTERNATIONAL AIRPORT, NY US",8/25/06,0.01,0,0,78,68
USW00094789,"JFK INTERNATIONAL AIRPORT, NY US",8/26/06,0.56,0,0,71,65
USW00094789,"JFK INTERNATIONAL AIRPORT, NY US",8/27/06,0.23,0,0,74,66
USW00094789,"JFK INTERNATIONAL AIRPORT, NY US",8/28/06,0.41,0,0,79,71
USW00094789,"JFK INTERNATIONAL AIRPORT, NY US",8/29/06,0.48,0,0,72,65
USW00094789,"JFK INTERNATIONAL AIRPORT, NY US",8/30/06,0.05,0,0,76,64
USW00094789,"JFK INTERNATIONAL AIRPORT, NY US",8/31/06,0,0,0,73,62
USW00094789,"JFK INTERNATIONAL AIRPORT, NY US",9/1/06,0.07,0,0,70,60
USW00094789,"JFK INTERNATIONAL AIRPORT, NY US",9/2/06,0.28,0,0,69,60
USW00094789,"JFK INTERNATIONAL AIRPORT, NY US",9/3/06,0,0,0,78,64
USW00094789,"JFK INTERNATIONAL AIRPORT, NY US",9/4/06,0,0,0,79,62
USW00094789,"JFK INTERNATIONAL AIRPORT, NY US",9/5/06,0.4,0,0,71,62
USW00094789,"JFK INTERNATIONAL AIRPORT, NY US",9/6/06,0,0,0,76,62
USW00094789,"JFK INTERNATIONAL AIRPORT, NY US",9/7/06,0,0,0,80,61
USW00094789,"JFK INTERNATIONAL AIRPORT, NY US",9/8/06,0,0,0,80,64
USW00094789,"JFK INTERNATIONAL AIRPORT, NY US",9/9/06,0,0,0,81,66
USW00094789,"JFK INTERNATIONAL AIRPORT, NY US",9/10/06,0,0,0,74,60
USW00094789,"JFK INTERNATIONAL AIRPORT, NY US",9/11/06,0,0,0,71,55
USW00094789,"JFK INTERNATIONAL AIRPORT, NY US",9/12/06,0,0,0,70,51
USW00094789,"JFK INTERNATIONAL AIRPORT, NY US",9/13/06,0,0,0,71,56
USW00094789,"JFK INTERNATIONAL AIRPORT, NY US",9/14/06,0.59,0,0,69,65
USW00094789,"JFK INTERNATIONAL AIRPORT, NY US",9/15/06,0.93,0,0,68,66
USW00094789,"JFK INTERNATIONAL AIRPORT, NY US",9/16/06,0,0,0,79,64
USW00094789,"JFK INTERNATIONAL AIRPORT, NY US",9/17/06,0,0,0,81,64
USW00094789,"JFK INTERNATIONAL AIRPORT, NY US",9/18/06,0,0,0,78,63
USW00094789,"JFK INTERNATIONAL AIRPORT, NY US",9/19/06,0.04,0,0,77,67
USW00094789,"JFK INTERNATIONAL AIRPORT, NY US",9/20/06,0,0,0,72,58
USW00094789,"JFK INTERNATIONAL AIRPORT, NY US",9/21/06,0,0,0,70,52
USW00094789,"JFK INTERNATIONAL AIRPORT, NY US",9/22/06,0,0,0,70,50
USW00094789,"JFK INTERNATIONAL AIRPORT, NY US",9/23/06,0.22,0,0,76,65
USW00094789,"JFK INTERNATIONAL AIRPORT, NY US",9/24/06,0,0,0,82,67
USW00094789,"JFK INTERNATIONAL AIRPORT, NY US",9/25/06,0,0,0,73,63
USW00094789,"JFK INTERNATIONAL AIRPORT, NY US",9/26/06,0,0,0,73,58
USW00094789,"JFK INTERNATIONAL AIRPORT, NY US",9/27/06,0,0,0,73,55
USW00094789,"JFK INTERNATIONAL AIRPORT, NY US",9/28/06,0,0,0,73,58
USW00094789,"JFK INTERNATIONAL AIRPORT, NY US",9/29/06,0.05,0,0,68,54
USW00094789,"JFK INTERNATIONAL AIRPORT, NY US",9/30/06,0,0,0,67,49
USW00094789,"JFK INTERNATIONAL AIRPORT, NY US",10/1/06,0.25,0,0,69,57
USW00094789,"JFK INTERNATIONAL AIRPORT, NY US",10/2/06,0,0,0,71,55
USW00094789,"JFK INTERNATIONAL AIRPORT, NY US",10/3/06,0,0,0,75,52
USW00094789,"JFK INTERNATIONAL AIRPORT, NY US",10/4/06,0.68,0,0,74,62
USW00094789,"JFK INTERNATIONAL AIRPORT, NY US",10/5/06,0.15,0,0,67,53
USW00094789,"JFK INTERNATIONAL AIRPORT, NY US",10/6/06,0.02,0,0,58,53
USW00094789,"JFK INTERNATIONAL AIRPORT, NY US",10/7/06,0,0,0,64,52
USW00094789,"JFK INTERNATIONAL AIRPORT, NY US",10/8/06,0,0,0,66,50
USW00094789,"JFK INTERNATIONAL AIRPORT, NY US",10/9/06,0,0,0,74,53
USW00094789,"JFK INTERNATIONAL AIRPORT, NY US",10/10/06,0,0,0,76,57
USW00094789,"JFK INTERNATIONAL AIRPORT, NY US",10/11/06,0.79,0,0,64,59
USW00094789,"JFK INTERNATIONAL AIRPORT, NY US",10/12/06,0.16,0,0,70,50
USW00094789,"JFK INTERNATIONAL AIRPORT, NY US",10/13/06,0,0,0,55,41
USW00094789,"JFK INTERNATIONAL AIRPORT, NY US",10/14/06,0,0,0,60,44
USW00094789,"JFK INTERNATIONAL AIRPORT, NY US",10/15/06,0,0,0,59,42
USW00094789,"JFK INTERNATIONAL AIRPORT, NY US",10/16/06,0,0,0,60,39
USW00094789,"JFK INTERNATIONAL AIRPORT, NY US",10/17/06,1.03,0,0,63,55
USW00094789,"JFK INTERNATIONAL AIRPORT, NY US",10/18/06,0,0,0,75,62
USW00094789,"JFK INTERNATIONAL AIRPORT, NY US",10/19/06,0.08,0,0,67,55
USW00094789,"JFK INTERNATIONAL AIRPORT, NY US",10/20/06,0.3,0,0,66,47
USW00094789,"JFK INTERNATIONAL AIRPORT, NY US",10/21/06,0,0,0,59,45
USW00094789,"JFK INTERNATIONAL AIRPORT, NY US",10/22/06,0,0,0,61,41
USW00094789,"JFK INTERNATIONAL AIRPORT, NY US",10/23/06,0,0,0,57,45
USW00094789,"JFK INTERNATIONAL AIRPORT, NY US",10/24/06,0,0,0,53,42
USW00094789,"JFK INTERNATIONAL AIRPORT, NY US",10/25/06,0,0,0,56,43
USW00094789,"JFK INTERNATIONAL AIRPORT, NY US",10/26/06,0,0,0,52,39
USW00094789,"JFK INTERNATIONAL AIRPORT, NY US",10/27/06,0.34,0,0,51,34
USW00094789,"JFK INTERNATIONAL AIRPORT, NY US",10/28/06,1.07,0,0,65,46
USW00094789,"JFK INTERNATIONAL AIRPORT, NY US",10/29/06,0,0,0,55,45
USW00094789,"JFK INTERNATIONAL AIRPORT, NY US",10/30/06,0,0,0,61,44
USW00094789,"JFK INTERNATIONAL AIRPORT, NY US",10/31/06,0,0,0,63,46
USW00094789,"JFK INTERNATIONAL AIRPORT, NY US",11/1/06,0,0,0,69,55
USW00094789,"JFK INTERNATIONAL AIRPORT, NY US",11/2/06,0.18,0,0,57,44
USW00094789,"JFK INTERNATIONAL AIRPORT, NY US",11/3/06,0,0,0,49,37
USW00094789,"JFK INTERNATIONAL AIRPORT, NY US",11/4/06,0,0,0,48,34
USW00094789,"JFK INTERNATIONAL AIRPORT, NY US",11/5/06,0,0,0,49,33
USW00094789,"JFK INTERNATIONAL AIRPORT, NY US",11/6/06,0,0,0,54,37
USW00094789,"JFK INTERNATIONAL AIRPORT, NY US",11/7/06,0.03,0,0,59,45
USW00094789,"JFK INTERNATIONAL AIRPORT, NY US",11/8/06,1.83,0,0,60,56
USW00094789,"JFK INTERNATIONAL AIRPORT, NY US",11/9/06,0,0,0,70,56
USW00094789,"JFK INTERNATIONAL AIRPORT, NY US",11/10/06,0,0,0,62,49
USW00094789,"JFK INTERNATIONAL AIRPORT, NY US",11/11/06,0,0,0,63,43
USW00094789,"JFK INTERNATIONAL AIRPORT, NY US",11/12/06,0.24,0,0,63,52
USW00094789,"JFK INTERNATIONAL AIRPORT, NY US",11/13/06,0.11,0,0,62,55
USW00094789,"JFK INTERNATIONAL AIRPORT, NY US",11/14/06,0.11,0,0,59,53
USW00094789,"JFK INTERNATIONAL AIRPORT, NY US",11/15/06,0,0,0,62,54
USW00094789,"JFK INTERNATIONAL AIRPORT, NY US",11/16/06,0.32,0,0,65,56
USW00094789,"JFK INTERNATIONAL AIRPORT, NY US",11/17/06,0.01,0,0,64,49
USW00094789,"JFK INTERNATIONAL AIRPORT, NY US",11/18/06,0,0,0,52,42
USW00094789,"JFK INTERNATIONAL AIRPORT, NY US",11/19/06,0,0,0,49,43
USW00094789,"JFK INTERNATIONAL AIRPORT, NY US",11/20/06,0,0,0,45,39
USW00094789,"JFK INTERNATIONAL AIRPORT, NY US",11/21/06,0,0,0,46,33
USW00094789,"JFK INTERNATIONAL AIRPORT, NY US",11/22/06,0.03,0,0,46,40
USW00094789,"JFK INTERNATIONAL AIRPORT, NY US",11/23/06,1.56,0,0,45,42
USW00094789,"JFK INTERNATIONAL AIRPORT, NY US",11/24/06,0.12,0,0,59,42
USW00094789,"JFK INTERNATIONAL AIRPORT, NY US",11/25/06,0,0,0,52,36
USW00094789,"JFK INTERNATIONAL AIRPORT, NY US",11/26/06,0,0,0,56,37
USW00094789,"JFK INTERNATIONAL AIRPORT, NY US",11/27/06,0,0,0,59,41
USW00094789,"JFK INTERNATIONAL AIRPORT, NY US",11/28/06,0,0,0,58,43
USW00094789,"JFK INTERNATIONAL AIRPORT, NY US",11/29/06,0,0,0,58,48
USW00094789,"JFK INTERNATIONAL AIRPORT, NY US",11/30/06,0,0,0,60,53
USW00094789,"JFK INTERNATIONAL AIRPORT, NY US",12/1/06,0.05,0,0,64,50
USW00094789,"JFK INTERNATIONAL AIRPORT, NY US",12/2/06,0,0,0,50,39
USW00094789,"JFK INTERNATIONAL AIRPORT, NY US",12/3/06,0,0,0,44,35
USW00094789,"JFK INTERNATIONAL AIRPORT, NY US",12/4/06,0,0,0,43,31
USW00094789,"JFK INTERNATIONAL AIRPORT, NY US",12/5/06,0,0,0,38,29
USW00094789,"JFK INTERNATIONAL AIRPORT, NY US",12/6/06,0,0,0,49,28
USW00094789,"JFK INTERNATIONAL AIRPORT, NY US",12/7/06,0,0,0,54,27
USW00094789,"JFK INTERNATIONAL AIRPORT, NY US",12/8/06,0,0,0,30,19
USW00094789,"JFK INTERNATIONAL AIRPORT, NY US",12/9/06,0,0,0,39,24
USW00094789,"JFK INTERNATIONAL AIRPORT, NY US",12/10/06,0,0,0,53,35
USW00094789,"JFK INTERNATIONAL AIRPORT, NY US",12/11/06,0,0,0,58,38
USW00094789,"JFK INTERNATIONAL AIRPORT, NY US",12/12/06,0,0,0,49,40
USW00094789,"JFK INTERNATIONAL AIRPORT, NY US",12/13/06,0.16,0,0,54,48
USW00094789,"JFK INTERNATIONAL AIRPORT, NY US",12/14/06,0,0,0,49,43
USW00094789,"JFK INTERNATIONAL AIRPORT, NY US",12/15/06,0,0,0,51,43
USW00094789,"JFK INTERNATIONAL AIRPORT, NY US",12/16/06,0,0,0,52,37
USW00094789,"JFK INTERNATIONAL AIRPORT, NY US",12/17/06,0,0,0,53,35
USW00094789,"JFK INTERNATIONAL AIRPORT, NY US",12/18/06,0,0,0,60,44
USW00094789,"JFK INTERNATIONAL AIRPORT, NY US",12/19/06,0,0,0,47,36
USW00094789,"JFK INTERNATIONAL AIRPORT, NY US",12/20/06,0,0,0,44,31
USW00094789,"JFK INTERNATIONAL AIRPORT, NY US",12/21/06,0,0,0,52,38
USW00094789,"JFK INTERNATIONAL AIRPORT, NY US",12/22/06,0.49,0,0,51,34
USW00094789,"JFK INTERNATIONAL AIRPORT, NY US",12/23/06,0.67,0,0,59,46
USW00094789,"JFK INTERNATIONAL AIRPORT, NY US",12/24/06,0,0,0,54,42
USW00094789,"JFK INTERNATIONAL AIRPORT, NY US",12/25/06,0.43,0,0,47,35
USW00094789,"JFK INTERNATIONAL AIRPORT, NY US",12/26/06,0.11,0,0,55,44
USW00094789,"JFK INTERNATIONAL AIRPORT, NY US",12/27/06,0,0,0,44,38
USW00094789,"JFK INTERNATIONAL AIRPORT, NY US",12/28/06,0,0,0,49,35
USW00094789,"JFK INTERNATIONAL AIRPORT, NY US",12/29/06,0,0,0,49,35
USW00094789,"JFK INTERNATIONAL AIRPORT, NY US",12/30/06,0,0,0,50,32
USW00094789,"JFK INTERNATIONAL AIRPORT, NY US",12/31/06,0,0,0,45,32
USW00094789,"JFK INTERNATIONAL AIRPORT, NY US",1/1/07,1.18,0,0,55,45
USW00094789,"JFK INTERNATIONAL AIRPORT, NY US",1/2/07,0,0,0,52,36
USW00094789,"JFK INTERNATIONAL AIRPORT, NY US",1/3/07,0,0,0,51,32
USW00094789,"JFK INTERNATIONAL AIRPORT, NY US",1/4/07,0,0,0,53,37
USW00094789,"JFK INTERNATIONAL AIRPORT, NY US",1/5/07,0.06,0,0,56,46
USW00094789,"JFK INTERNATIONAL AIRPORT, NY US",1/6/07,0.02,0,0,71,51
USW00094789,"JFK INTERNATIONAL AIRPORT, NY US",1/7/07,0.17,0,0,56,44
USW00094789,"JFK INTERNATIONAL AIRPORT, NY US",1/8/07,1.24,0,0,55,38
USW00094789,"JFK INTERNATIONAL AIRPORT, NY US",1/9/07,0,0,0,45,34
USW00094789,"JFK INTERNATIONAL AIRPORT, NY US",1/10/07,0,0,0,36,29
USW00094789,"JFK INTERNATIONAL AIRPORT, NY US",1/11/07,0,0,0,39,26
USW00094789,"JFK INTERNATIONAL AIRPORT, NY US",1/12/07,0,0,0,50,39
USW00094789,"JFK INTERNATIONAL AIRPORT, NY US",1/13/07,0.06,0,0,56,41
USW00094789,"JFK INTERNATIONAL AIRPORT, NY US",1/14/07,0.07,0,0,47,43
USW00094789,"JFK INTERNATIONAL AIRPORT, NY US",1/15/07,0.01,0,0,52,41
USW00094789,"JFK INTERNATIONAL AIRPORT, NY US",1/16/07,0,0,0,56,23
USW00094789,"JFK INTERNATIONAL AIRPORT, NY US",1/17/07,0,0,0,30,19
USW00094789,"JFK INTERNATIONAL AIRPORT, NY US",1/18/07,0.1,0,0,37,22
USW00094789,"JFK INTERNATIONAL AIRPORT, NY US",1/19/07,0.02,0.4,0,44,32
USW00094789,"JFK INTERNATIONAL AIRPORT, NY US",1/20/07,0.03,0.7,0,34,22
USW00094789,"JFK INTERNATIONAL AIRPORT, NY US",1/21/07,0,0,0,30,19
USW00094789,"JFK INTERNATIONAL AIRPORT, NY US",1/22/07,0,0,0,33,25
USW00094789,"JFK INTERNATIONAL AIRPORT, NY US",1/23/07,0,0,0,37,29
USW00094789,"JFK INTERNATIONAL AIRPORT, NY US",1/24/07,0,0,0,42,30
USW00094789,"JFK INTERNATIONAL AIRPORT, NY US",1/25/07,0,0,0,36,16
USW00094789,"JFK INTERNATIONAL AIRPORT, NY US",1/26/07,0,0,0,24,9
USW00094789,"JFK INTERNATIONAL AIRPORT, NY US",1/27/07,0.01,0,0,39,21
USW00094789,"JFK INTERNATIONAL AIRPORT, NY US",1/28/07,0.09,0.3,0,42,31
USW00094789,"JFK INTERNATIONAL AIRPORT, NY US",1/29/07,0.02,0.2,1,31,23
USW00094789,"JFK INTERNATIONAL AIRPORT, NY US",1/30/07,0,0,0,36,22
USW00094789,"JFK INTERNATIONAL AIRPORT, NY US",1/31/07,0.01,0.1,0,34,26
USW00094789,"JFK INTERNATIONAL AIRPORT, NY US",2/1/07,0,0,0,36,26
USW00094789,"JFK INTERNATIONAL AIRPORT, NY US",2/2/07,0.17,0,0,39,32
USW00094789,"JFK INTERNATIONAL AIRPORT, NY US",2/3/07,0,0,0,36,24
USW00094789,"JFK INTERNATIONAL AIRPORT, NY US",2/4/07,0,0,0,31,18
USW00094789,"JFK INTERNATIONAL AIRPORT, NY US",2/5/07,0,0,0,19,9
USW00094789,"JFK INTERNATIONAL AIRPORT, NY US",2/6/07,0,0,0,25,11
USW00094789,"JFK INTERNATIONAL AIRPORT, NY US",2/7/07,0,0,0,26,13
USW00094789,"JFK INTERNATIONAL AIRPORT, NY US",2/8/07,0,0,0,30,15
USW00094789,"JFK INTERNATIONAL AIRPORT, NY US",2/9/07,0,0,0,33,19
USW00094789,"JFK INTERNATIONAL AIRPORT, NY US",2/10/07,0,0,0,35,23
USW00094789,"JFK INTERNATIONAL AIRPORT, NY US",2/11/07,0,0,0,32,19
USW00094789,"JFK INTERNATIONAL AIRPORT, NY US",2/12/07,0,0,0,41,22
USW00094789,"JFK INTERNATIONAL AIRPORT, NY US",2/13/07,0,0.1,0,33,22
USW00094789,"JFK INTERNATIONAL AIRPORT, NY US",2/14/07,0.59,1.4,0,32,18
USW00094789,"JFK INTERNATIONAL AIRPORT, NY US",2/15/07,0,0,2,26,16
USW00094789,"JFK INTERNATIONAL AIRPORT, NY US",2/16/07,0,0,1,30,16
USW00094789,"JFK INTERNATIONAL AIRPORT, NY US",2/17/07,0,0,1,34,21
USW00094789,"JFK INTERNATIONAL AIRPORT, NY US",2/18/07,0,0,1,33,18
USW00094789,"JFK INTERNATIONAL AIRPORT, NY US",2/19/07,0,0,1,31,14
USW00094789,"JFK INTERNATIONAL AIRPORT, NY US",2/20/07,0.07,0,1,46,28
USW00094789,"JFK INTERNATIONAL AIRPORT, NY US",2/21/07,0.05,0,0,50,35
USW00094789,"JFK INTERNATIONAL AIRPORT, NY US",2/22/07,0.1,0,0,45,29
USW00094789,"JFK INTERNATIONAL AIRPORT, NY US",2/23/07,0,0,0,40,22
USW00094789,"JFK INTERNATIONAL AIRPORT, NY US",2/24/07,0,0,0,44,21
USW00094789,"JFK INTERNATIONAL AIRPORT, NY US",2/25/07,0.19,1.2,0,36,24
USW00094789,"JFK INTERNATIONAL AIRPORT, NY US",2/26/07,0.2,0.6,2,35,31
USW00094789,"JFK INTERNATIONAL AIRPORT, NY US",2/27/07,0,0,1,42,33
USW00094789,"JFK INTERNATIONAL AIRPORT, NY US",2/28/07,0,0,0,47,34
USW00094789,"JFK INTERNATIONAL AIRPORT, NY US",3/1/07,0.13,0,0,43,29
USW00094789,"JFK INTERNATIONAL AIRPORT, NY US",3/2/07,1.58,0,0,59,40
USW00094789,"JFK INTERNATIONAL AIRPORT, NY US",3/3/07,0,0,0,55,32
USW00094789,"JFK INTERNATIONAL AIRPORT, NY US",3/4/07,0,0,0,42,34
USW00094789,"JFK INTERNATIONAL AIRPORT, NY US",3/5/07,0,0,0,43,22
USW00094789,"JFK INTERNATIONAL AIRPORT, NY US",3/6/07,0,0,0,22,13
USW00094789,"JFK INTERNATIONAL AIRPORT, NY US",3/7/07,0.05,0.8,0,23,13
USW00094789,"JFK INTERNATIONAL AIRPORT, NY US",3/8/07,0,0,1,37,17
USW00094789,"JFK INTERNATIONAL AIRPORT, NY US",3/9/07,0,0,0,32,14
USW00094789,"JFK INTERNATIONAL AIRPORT, NY US",3/10/07,0.01,0,0,50,26
USW00094789,"JFK INTERNATIONAL AIRPORT, NY US",3/11/07,0.23,0,0,53,38
USW00094789,"JFK INTERNATIONAL AIRPORT, NY US",3/12/07,0,0,0,49,30
USW00094789,"JFK INTERNATIONAL AIRPORT, NY US",3/13/07,0,0,0,48,35
USW00094789,"JFK INTERNATIONAL AIRPORT, NY US",3/14/07,0,0,0,57,40
USW00094789,"JFK INTERNATIONAL AIRPORT, NY US",3/15/07,0.3,0,0,62,36
USW00094789,"JFK INTERNATIONAL AIRPORT, NY US",3/16/07,1.08,2.7,0,36,27
USW00094789,"JFK INTERNATIONAL AIRPORT, NY US",3/17/07,0.01,0,3,37,26
USW00094789,"JFK INTERNATIONAL AIRPORT, NY US",3/18/07,0,0,1,39,27
USW00094789,"JFK INTERNATIONAL AIRPORT, NY US",3/19/07,0,0,1,40,29
USW00094789,"JFK INTERNATIONAL AIRPORT, NY US",3/20/07,0,0,1,52,33
USW00094789,"JFK INTERNATIONAL AIRPORT, NY US",3/21/07,0,0,0,40,26
USW00094789,"JFK INTERNATIONAL AIRPORT, NY US",3/22/07,0.04,0,0,54,40
USW00094789,"JFK INTERNATIONAL AIRPORT, NY US",3/23/07,0.14,0,0,61,46
USW00094789,"JFK INTERNATIONAL AIRPORT, NY US",3/24/07,0.04,0,0,53,41
USW00094789,"JFK INTERNATIONAL AIRPORT, NY US",3/25/07,0,0,0,53,37
USW00094789,"JFK INTERNATIONAL AIRPORT, NY US",3/26/07,0,0,0,48,36
USW00094789,"JFK INTERNATIONAL AIRPORT, NY US",3/27/07,0.03,0,0,78,45
USW00094789,"JFK INTERNATIONAL AIRPORT, NY US",3/28/07,0,0,0,64,46
USW00094789,"JFK INTERNATIONAL AIRPORT, NY US",3/29/07,0,0,0,57,39
USW00094789,"JFK INTERNATIONAL AIRPORT, NY US",3/30/07,0,0,0,65,39
USW00094789,"JFK INTERNATIONAL AIRPORT, NY US",3/31/07,0,0,0,53,40
USW00094789,"JFK INTERNATIONAL AIRPORT, NY US",4/1/07,0.11,0,0,49,42
USW00094789,"JFK INTERNATIONAL AIRPORT, NY US",4/2/07,0.16,0,0,51,43
USW00094789,"JFK INTERNATIONAL AIRPORT, NY US",4/3/07,0.01,0,0,53,41
USW00094789,"JFK INTERNATIONAL AIRPORT, NY US",4/4/07,0.99,0,0,44,40
USW00094789,"JFK INTERNATIONAL AIRPORT, NY US",4/5/07,0,0,0,47,35
USW00094789,"JFK INTERNATIONAL AIRPORT, NY US",4/6/07,0,0,0,43,33
USW00094789,"JFK INTERNATIONAL AIRPORT, NY US",4/7/07,0,0,0,43,31
USW00094789,"JFK INTERNATIONAL AIRPORT, NY US",4/8/07,0,0,0,43,31
USW00094789,"JFK INTERNATIONAL AIRPORT, NY US",4/9/07,0,0,0,49,33
USW00094789,"JFK INTERNATIONAL AIRPORT, NY US",4/10/07,0,0,0,51,35
USW00094789,"JFK INTERNATIONAL AIRPORT, NY US",4/11/07,0,0,0,48,32
USW00094789,"JFK INTERNATIONAL AIRPORT, NY US",4/12/07,1.48,0,0,44,40
USW00094789,"JFK INTERNATIONAL AIRPORT, NY US",4/13/07,0,0,0,52,42
USW00094789,"JFK INTERNATIONAL AIRPORT, NY US",4/14/07,0,0,0,56,39
USW00094789,"JFK INTERNATIONAL AIRPORT, NY US",4/15/07,2.6,0,0,54,41
USW00094789,"JFK INTERNATIONAL AIRPORT, NY US",4/16/07,0.1,0,0,55,40
USW00094789,"JFK INTERNATIONAL AIRPORT, NY US",4/17/07,0.01,0,0,52,42
USW00094789,"JFK INTERNATIONAL AIRPORT, NY US",4/18/07,0,0,0,51,43
USW00094789,"JFK INTERNATIONAL AIRPORT, NY US",4/19/07,0,0,0,59,45
USW00094789,"JFK INTERNATIONAL AIRPORT, NY US",4/20/07,0,0,0,70,42
USW00094789,"JFK INTERNATIONAL AIRPORT, NY US",4/21/07,0,0,0,78,40
USW00094789,"JFK INTERNATIONAL AIRPORT, NY US",4/22/07,0,0,0,72,50
USW00094789,"JFK INTERNATIONAL AIRPORT, NY US",4/23/07,0,0,0,69,48
USW00094789,"JFK INTERNATIONAL AIRPORT, NY US",4/24/07,0,0,0,77,56
USW00094789,"JFK INTERNATIONAL AIRPORT, NY US",4/25/07,0.11,0,0,64,48
USW00094789,"JFK INTERNATIONAL AIRPORT, NY US",4/26/07,0,0,0,57,47
USW00094789,"JFK INTERNATIONAL AIRPORT, NY US",4/27/07,1.41,0,0,57,48
USW00094789,"JFK INTERNATIONAL AIRPORT, NY US",4/28/07,0,0,0,70,52
USW00094789,"JFK INTERNATIONAL AIRPORT, NY US",4/29/07,0,0,0,68,51
USW00094789,"JFK INTERNATIONAL AIRPORT, NY US",4/30/07,0,0,0,81,49
USW00094789,"JFK INTERNATIONAL AIRPORT, NY US",5/1/07,0.6,0,0,65,49
USW00094789,"JFK INTERNATIONAL AIRPORT, NY US",5/2/07,0.22,0,0,67,49
USW00094789,"JFK INTERNATIONAL AIRPORT, NY US",5/3/07,0,0,0,65,47
USW00094789,"JFK INTERNATIONAL AIRPORT, NY US",5/4/07,0,0,0,69,47
USW00094789,"JFK INTERNATIONAL AIRPORT, NY US",5/5/07,0,0,0,66,47
USW00094789,"JFK INTERNATIONAL AIRPORT, NY US",5/6/07,0,0,0,61,45
USW00094789,"JFK INTERNATIONAL AIRPORT, NY US",5/7/07,0,0,0,60,41
USW00094789,"JFK INTERNATIONAL AIRPORT, NY US",5/8/07,0,0,0,62,45
USW00094789,"JFK INTERNATIONAL AIRPORT, NY US",5/9/07,0,0,0,74,52
USW00094789,"JFK INTERNATIONAL AIRPORT, NY US",5/10/07,0,0,0,72,57
USW00094789,"JFK INTERNATIONAL AIRPORT, NY US",5/11/07,0.42,0,0,70,57
USW00094789,"JFK INTERNATIONAL AIRPORT, NY US",5/12/07,0.21,0,0,72,53
USW00094789,"JFK INTERNATIONAL AIRPORT, NY US",5/13/07,0,0,0,69,51
USW00094789,"JFK INTERNATIONAL AIRPORT, NY US",5/14/07,0,0,0,64,47
USW00094789,"JFK INTERNATIONAL AIRPORT, NY US",5/15/07,0,0,0,82,54
USW00094789,"JFK INTERNATIONAL AIRPORT, NY US",5/16/07,0.39,0,0,73,61
USW00094789,"JFK INTERNATIONAL AIRPORT, NY US",5/17/07,0,0,0,68,53
USW00094789,"JFK INTERNATIONAL AIRPORT, NY US",5/18/07,0.09,0,0,53,47
USW00094789,"JFK INTERNATIONAL AIRPORT, NY US",5/19/07,0.16,0,0,58,49
USW00094789,"JFK INTERNATIONAL AIRPORT, NY US",5/20/07,0,0,0,76,53
USW00094789,"JFK INTERNATIONAL AIRPORT, NY US",5/21/07,0,0,0,71,54
USW00094789,"JFK INTERNATIONAL AIRPORT, NY US",5/22/07,0,0,0,67,50
USW00094789,"JFK INTERNATIONAL AIRPORT, NY US",5/23/07,0,0,0,68,54
USW00094789,"JFK INTERNATIONAL AIRPORT, NY US",5/24/07,0,0,0,78,55
USW00094789,"JFK INTERNATIONAL AIRPORT, NY US",5/25/07,0,0,0,87,63
USW00094789,"JFK INTERNATIONAL AIRPORT, NY US",5/26/07,0,0,0,88,65
USW00094789,"JFK INTERNATIONAL AIRPORT, NY US",5/27/07,0.04,0,0,81,67
USW00094789,"JFK INTERNATIONAL AIRPORT, NY US",5/28/07,0.07,0,0,81,65
USW00094789,"JFK INTERNATIONAL AIRPORT, NY US",5/29/07,0,0,0,80,59
USW00094789,"JFK INTERNATIONAL AIRPORT, NY US",5/30/07,0,0,0,77,57
USW00094789,"JFK INTERNATIONAL AIRPORT, NY US",5/31/07,0,0,0,86,62
USW00094789,"JFK INTERNATIONAL AIRPORT, NY US",6/1/07,0,0,0,80,62
USW00094789,"JFK INTERNATIONAL AIRPORT, NY US",6/2/07,0,0,0,80,66
USW00094789,"JFK INTERNATIONAL AIRPORT, NY US",6/3/07,0.97,0,0,74,63
USW00094789,"JFK INTERNATIONAL AIRPORT, NY US",6/4/07,1.77,0,0,71,62
USW00094789,"JFK INTERNATIONAL AIRPORT, NY US",6/5/07,0,0,0,82,63
USW00094789,"JFK INTERNATIONAL AIRPORT, NY US",6/6/07,0,0,0,73,58
USW00094789,"JFK INTERNATIONAL AIRPORT, NY US",6/7/07,0,0,0,69,54
USW00094789,"JFK INTERNATIONAL AIRPORT, NY US",6/8/07,0,0,0,76,62
USW00094789,"JFK INTERNATIONAL AIRPORT, NY US",6/9/07,0,0,0,81,64
USW00094789,"JFK INTERNATIONAL AIRPORT, NY US",6/10/07,0,0,0,73,61
USW00094789,"JFK INTERNATIONAL AIRPORT, NY US",6/11/07,0.07,0,0,85,62
USW00094789,"JFK INTERNATIONAL AIRPORT, NY US",6/12/07,0.02,0,0,85,63
USW00094789,"JFK INTERNATIONAL AIRPORT, NY US",6/13/07,0.09,0,0,67,56
USW00094789,"JFK INTERNATIONAL AIRPORT, NY US",6/14/07,0,0,0,65,56
USW00094789,"JFK INTERNATIONAL AIRPORT, NY US",6/15/07,0,0,0,71,59
USW00094789,"JFK INTERNATIONAL AIRPORT, NY US",6/16/07,0,0,0,76,58
USW00094789,"JFK INTERNATIONAL AIRPORT, NY US",6/17/07,0,0,0,90,64
USW00094789,"JFK INTERNATIONAL AIRPORT, NY US",6/18/07,0,0,0,82,66
USW00094789,"JFK INTERNATIONAL AIRPORT, NY US",6/19/07,0.03,0,0,77,65
USW00094789,"JFK INTERNATIONAL AIRPORT, NY US",6/20/07,0.18,0,0,82,69
USW00094789,"JFK INTERNATIONAL AIRPORT, NY US",6/21/07,0.22,0,0,82,62
USW00094789,"JFK INTERNATIONAL AIRPORT, NY US",6/22/07,0,0,0,78,64
USW00094789,"JFK INTERNATIONAL AIRPORT, NY US",6/23/07,0,0,0,78,59
USW00094789,"JFK INTERNATIONAL AIRPORT, NY US",6/24/07,0,0,0,77,58
USW00094789,"JFK INTERNATIONAL AIRPORT, NY US",6/25/07,0,0,0,80,64
USW00094789,"JFK INTERNATIONAL AIRPORT, NY US",6/26/07,0,0,0,85,68
USW00094789,"JFK INTERNATIONAL AIRPORT, NY US",6/27/07,1.74,0,0,86,71
USW00094789,"JFK INTERNATIONAL AIRPORT, NY US",6/28/07,0.26,0,0,89,70
USW00094789,"JFK INTERNATIONAL AIRPORT, NY US",6/29/07,0,0,0,77,66
USW00094789,"JFK INTERNATIONAL AIRPORT, NY US",6/30/07,0,0,0,80,64
USW00094789,"JFK INTERNATIONAL AIRPORT, NY US",7/1/07,0,0,0,76,61
USW00094789,"JFK INTERNATIONAL AIRPORT, NY US",7/2/07,0,0,0,76,58
USW00094789,"JFK INTERNATIONAL AIRPORT, NY US",7/3/07,0,0,0,77,61
USW00094789,"JFK INTERNATIONAL AIRPORT, NY US",7/4/07,0.01,0,0,72,63
USW00094789,"JFK INTERNATIONAL AIRPORT, NY US",7/5/07,1.58,0,0,75,67
USW00094789,"JFK INTERNATIONAL AIRPORT, NY US",7/6/07,0.11,0,0,86,67
USW00094789,"JFK INTERNATIONAL AIRPORT, NY US",7/7/07,0,0,0,86,64
USW00094789,"JFK INTERNATIONAL AIRPORT, NY US",7/8/07,0,0,0,90,68
USW00094789,"JFK INTERNATIONAL AIRPORT, NY US",7/9/07,0,0,0,88,72
USW00094789,"JFK INTERNATIONAL AIRPORT, NY US",7/10/07,0,0,0,84,73
USW00094789,"JFK INTERNATIONAL AIRPORT, NY US",7/11/07,0.78,0,0,82,71
USW00094789,"JFK INTERNATIONAL AIRPORT, NY US",7/12/07,0,0,0,83,68
USW00094789,"JFK INTERNATIONAL AIRPORT, NY US",7/13/07,0,0,0,82,67
USW00094789,"JFK INTERNATIONAL AIRPORT, NY US",7/14/07,0,0,0,82,66
USW00094789,"JFK INTERNATIONAL AIRPORT, NY US",7/15/07,0.03,0,0,82,69
USW00094789,"JFK INTERNATIONAL AIRPORT, NY US",7/16/07,0,0,0,83,70
USW00094789,"JFK INTERNATIONAL AIRPORT, NY US",7/17/07,0,0,0,84,68
USW00094789,"JFK INTERNATIONAL AIRPORT, NY US",7/18/07,0.75,0,0,78,69
USW00094789,"JFK INTERNATIONAL AIRPORT, NY US",7/19/07,0.01,0,0,87,70
USW00094789,"JFK INTERNATIONAL AIRPORT, NY US",7/20/07,0,0,0,82,67
USW00094789,"JFK INTERNATIONAL AIRPORT, NY US",7/21/07,0,0,0,85,65
USW00094789,"JFK INTERNATIONAL AIRPORT, NY US",7/22/07,0,0,0,84,67
USW00094789,"JFK INTERNATIONAL AIRPORT, NY US",7/23/07,1.66,0,0,76,63
USW00094789,"JFK INTERNATIONAL AIRPORT, NY US",7/24/07,0,0,0,78,61
USW00094789,"JFK INTERNATIONAL AIRPORT, NY US",7/25/07,0,0,0,81,64
USW00094789,"JFK INTERNATIONAL AIRPORT, NY US",7/26/07,0,0,0,80,70
USW00094789,"JFK INTERNATIONAL AIRPORT, NY US",7/27/07,0,0,0,82,71
USW00094789,"JFK INTERNATIONAL AIRPORT, NY US",7/28/07,0,0,0,83,73
USW00094789,"JFK INTERNATIONAL AIRPORT, NY US",7/29/07,0.36,0,0,84,71
USW00094789,"JFK INTERNATIONAL AIRPORT, NY US",7/30/07,0,0,0,84,71
USW00094789,"JFK INTERNATIONAL AIRPORT, NY US",7/31/07,0,0,0,88,71
USW00094789,"JFK INTERNATIONAL AIRPORT, NY US",8/1/07,0,0,0,91,72
USW00094789,"JFK INTERNATIONAL AIRPORT, NY US",8/2/07,0,0,0,91,73
USW00094789,"JFK INTERNATIONAL AIRPORT, NY US",8/3/07,0.31,0,0,86,70
USW00094789,"JFK INTERNATIONAL AIRPORT, NY US",8/4/07,0,0,0,91,73
USW00094789,"JFK INTERNATIONAL AIRPORT, NY US",8/5/07,0,0,0,81,69
USW00094789,"JFK INTERNATIONAL AIRPORT, NY US",8/6/07,0.06,0,0,82,73
USW00094789,"JFK INTERNATIONAL AIRPORT, NY US",8/7/07,0,0,0,89,75
USW00094789,"JFK INTERNATIONAL AIRPORT, NY US",8/8/07,3.47,0,0,93,75
USW00094789,"JFK INTERNATIONAL AIRPORT, NY US",8/9/07,0,0,0,82,72
USW00094789,"JFK INTERNATIONAL AIRPORT, NY US",8/10/07,0.51,0,0,73,58
USW00094789,"JFK INTERNATIONAL AIRPORT, NY US",8/11/07,0,0,0,81,58
USW00094789,"JFK INTERNATIONAL AIRPORT, NY US",8/12/07,0,0,0,84,69
USW00094789,"JFK INTERNATIONAL AIRPORT, NY US",8/13/07,0,0,0,87,72
USW00094789,"JFK INTERNATIONAL AIRPORT, NY US",8/14/07,0,0,0,83,64
USW00094789,"JFK INTERNATIONAL AIRPORT, NY US",8/15/07,0,0,0,85,67
USW00094789,"JFK INTERNATIONAL AIRPORT, NY US",8/16/07,0,0,0,82,74
USW00094789,"JFK INTERNATIONAL AIRPORT, NY US",8/17/07,0.26,0,0,84,64
USW00094789,"JFK INTERNATIONAL AIRPORT, NY US",8/18/07,0,0,0,76,60
USW00094789,"JFK INTERNATIONAL AIRPORT, NY US",8/19/07,0.19,0,0,71,59
USW00094789,"JFK INTERNATIONAL AIRPORT, NY US",8/20/07,0.02,0,0,74,59
USW00094789,"JFK INTERNATIONAL AIRPORT, NY US",8/21/07,1.05,0,0,60,55
USW00094789,"JFK INTERNATIONAL AIRPORT, NY US",8/22/07,0.01,0,0,67,58
USW00094789,"JFK INTERNATIONAL AIRPORT, NY US",8/23/07,0,0,0,75,61
USW00094789,"JFK INTERNATIONAL AIRPORT, NY US",8/24/07,0,0,0,78,64
USW00094789,"JFK INTERNATIONAL AIRPORT, NY US",8/25/07,0,0,0,82,70
USW00094789,"JFK INTERNATIONAL AIRPORT, NY US",8/26/07,0,0,0,83,72
USW00094789,"JFK INTERNATIONAL AIRPORT, NY US",8/27/07,0,0,0,82,68
USW00094789,"JFK INTERNATIONAL AIRPORT, NY US",8/28/07,0,0,0,81,66
USW00094789,"JFK INTERNATIONAL AIRPORT, NY US",8/29/07,0,0,0,81,65
USW00094789,"JFK INTERNATIONAL AIRPORT, NY US",8/30/07,0,0,0,81,66
USW00094789,"JFK INTERNATIONAL AIRPORT, NY US",8/31/07,0,0,0,83,68
USW00094789,"JFK INTERNATIONAL AIRPORT, NY US",9/1/07,0,0,0,80,62
USW00094789,"JFK INTERNATIONAL AIRPORT, NY US",9/2/07,0,0,0,76,58
USW00094789,"JFK INTERNATIONAL AIRPORT, NY US",9/3/07,0,0,0,82,63
USW00094789,"JFK INTERNATIONAL AIRPORT, NY US",9/4/07,0,0,0,85,69
USW00094789,"JFK INTERNATIONAL AIRPORT, NY US",9/5/07,0,0,0,78,65
USW00094789,"JFK INTERNATIONAL AIRPORT, NY US",9/6/07,0,0,0,78,62
USW00094789,"JFK INTERNATIONAL AIRPORT, NY US",9/7/07,0,0,0,81,68
USW00094789,"JFK INTERNATIONAL AIRPORT, NY US",9/8/07,0,0,0,81,70
USW00094789,"JFK INTERNATIONAL AIRPORT, NY US",9/9/07,0,0,0,82,69
USW00094789,"JFK INTERNATIONAL AIRPORT, NY US",9/10/07,0,0,0,81,72
USW00094789,"JFK INTERNATIONAL AIRPORT, NY US",9/11/07,0.81,0,0,75,69
USW00094789,"JFK INTERNATIONAL AIRPORT, NY US",9/12/07,0,0,0,76,62
USW00094789,"JFK INTERNATIONAL AIRPORT, NY US",9/13/07,0,0,0,74,56
USW00094789,"JFK INTERNATIONAL AIRPORT, NY US",9/14/07,0,0,0,74,59
USW00094789,"JFK INTERNATIONAL AIRPORT, NY US",9/15/07,0.17,0,0,72,55
USW00094789,"JFK INTERNATIONAL AIRPORT, NY US",9/16/07,0,0,0,66,50
USW00094789,"JFK INTERNATIONAL AIRPORT, NY US",9/17/07,0,0,0,67,50
USW00094789,"JFK INTERNATIONAL AIRPORT, NY US",9/18/07,0,0,0,70,51
USW00094789,"JFK INTERNATIONAL AIRPORT, NY US",9/19/07,0,0,0,73,52
USW00094789,"JFK INTERNATIONAL AIRPORT, NY US",9/20/07,0,0,0,78,58
USW00094789,"JFK INTERNATIONAL AIRPORT, NY US",9/21/07,0,0,0,78,58
USW00094789,"JFK INTERNATIONAL AIRPORT, NY US",9/22/07,0.13,0,0,74,62
USW00094789,"JFK INTERNATIONAL AIRPORT, NY US",9/23/07,0,0,0,81,62
USW00094789,"JFK INTERNATIONAL AIRPORT, NY US",9/24/07,0,0,0,76,58
USW00094789,"JFK INTERNATIONAL AIRPORT, NY US",9/25/07,0,0,0,80,61
USW00094789,"JFK INTERNATIONAL AIRPORT, NY US",9/26/07,0,0,0,80,66
USW00094789,"JFK INTERNATIONAL AIRPORT, NY US",9/27/07,0,0,0,78,68
USW00094789,"JFK INTERNATIONAL AIRPORT, NY US",9/28/07,0,0,0,79,62
USW00094789,"JFK INTERNATIONAL AIRPORT, NY US",9/29/07,0,0,0,76,58
USW00094789,"JFK INTERNATIONAL AIRPORT, NY US",9/30/07,0,0,0,71,56
USW00094789,"JFK INTERNATIONAL AIRPORT, NY US",10/1/07,0,0,0,68,55
USW00094789,"JFK INTERNATIONAL AIRPORT, NY US",10/2/07,0,0,0,73,54
USW00094789,"JFK INTERNATIONAL AIRPORT, NY US",10/3/07,0,0,0,75,66
USW00094789,"JFK INTERNATIONAL AIRPORT, NY US",10/4/07,0,0,0,79,66
USW00094789,"JFK INTERNATIONAL AIRPORT, NY US",10/5/07,0,0,0,73,65
USW00094789,"JFK INTERNATIONAL AIRPORT, NY US",10/6/07,0,0,0,81,64
USW00094789,"JFK INTERNATIONAL AIRPORT, NY US",10/7/07,0,0,0,83,66
USW00094789,"JFK INTERNATIONAL AIRPORT, NY US",10/8/07,0,0,0,90,66
USW00094789,"JFK INTERNATIONAL AIRPORT, NY US",10/9/07,0.24,0,0,80,60
USW00094789,"JFK INTERNATIONAL AIRPORT, NY US",10/10/07,0.17,0,0,74,62
USW00094789,"JFK INTERNATIONAL AIRPORT, NY US",10/11/07,1.71,0,0,68,56
USW00094789,"JFK INTERNATIONAL AIRPORT, NY US",10/12/07,0.03,0,0,64,49
USW00094789,"JFK INTERNATIONAL AIRPORT, NY US",10/13/07,0,0,0,62,46
USW00094789,"JFK INTERNATIONAL AIRPORT, NY US",10/14/07,0,0,0,67,51
USW00094789,"JFK INTERNATIONAL AIRPORT, NY US",10/15/07,0,0,0,69,49
USW00094789,"JFK INTERNATIONAL AIRPORT, NY US",10/16/07,0.01,0,0,67,56
USW00094789,"JFK INTERNATIONAL AIRPORT, NY US",10/17/07,0,0,0,70,55
USW00094789,"JFK INTERNATIONAL AIRPORT, NY US",10/18/07,0,0,0,74,60
USW00094789,"JFK INTERNATIONAL AIRPORT, NY US",10/19/07,1.86,0,0,72,66
USW00094789,"JFK INTERNATIONAL AIRPORT, NY US",10/20/07,0.02,0,0,73,60
USW00094789,"JFK INTERNATIONAL AIRPORT, NY US",10/21/07,0,0,0,74,54
USW00094789,"JFK INTERNATIONAL AIRPORT, NY US",10/22/07,0,0,0,72,56
USW00094789,"JFK INTERNATIONAL AIRPORT, NY US",10/23/07,0,0,0,74,64
USW00094789,"JFK INTERNATIONAL AIRPORT, NY US",10/24/07,0.39,0,0,68,52
USW00094789,"JFK INTERNATIONAL AIRPORT, NY US",10/25/07,0.06,0,0,55,52
USW00094789,"JFK INTERNATIONAL AIRPORT, NY US",10/26/07,0.28,0,0,61,53
USW00094789,"JFK INTERNATIONAL AIRPORT, NY US",10/27/07,0.5,0,0,68,57
USW00094789,"JFK INTERNATIONAL AIRPORT, NY US",10/28/07,0,0,0,58,43
USW00094789,"JFK INTERNATIONAL AIRPORT, NY US",10/29/07,0,0,0,54,39
USW00094789,"JFK INTERNATIONAL AIRPORT, NY US",10/30/07,0,0,0,62,44
USW00094789,"JFK INTERNATIONAL AIRPORT, NY US",10/31/07,0,0,0,64,46
USW00094789,"JFK INTERNATIONAL AIRPORT, NY US",11/1/07,0,0,0,67,48
USW00094789,"JFK INTERNATIONAL AIRPORT, NY US",11/2/07,0,0,0,55,41
USW00094789,"JFK INTERNATIONAL AIRPORT, NY US",11/3/07,0,0,0,52,46
USW00094789,"JFK INTERNATIONAL AIRPORT, NY US",11/4/07,0,0,0,57,46
USW00094789,"JFK INTERNATIONAL AIRPORT, NY US",11/5/07,0,0,0,57,43
USW00094789,"JFK INTERNATIONAL AIRPORT, NY US",11/6/07,0.29,0,0,57,44
USW00094789,"JFK INTERNATIONAL AIRPORT, NY US",11/7/07,0,0,0,51,39
USW00094789,"JFK INTERNATIONAL AIRPORT, NY US",11/8/07,0,0,0,46,34
USW00094789,"JFK INTERNATIONAL AIRPORT, NY US",11/9/07,0.16,0,0,46,38
USW00094789,"JFK INTERNATIONAL AIRPORT, NY US",11/10/07,0.2,0,0,48,37
USW00094789,"JFK INTERNATIONAL AIRPORT, NY US",11/11/07,0,0,0,47,32
USW00094789,"JFK INTERNATIONAL AIRPORT, NY US",11/12/07,0.02,0,0,51,33
USW00094789,"JFK INTERNATIONAL AIRPORT, NY US",11/13/07,0.13,0,0,61,41
USW00094789,"JFK INTERNATIONAL AIRPORT, NY US",11/14/07,0,0,0,57,36
USW00094789,"JFK INTERNATIONAL AIRPORT, NY US",11/15/07,0.13,0,0,59,44
USW00094789,"JFK INTERNATIONAL AIRPORT, NY US",11/16/07,0,0,0,48,38
USW00094789,"JFK INTERNATIONAL AIRPORT, NY US",11/17/07,0,0,0,47,36
USW00094789,"JFK INTERNATIONAL AIRPORT, NY US",11/18/07,0,0,0,44,40
USW00094789,"JFK INTERNATIONAL AIRPORT, NY US",11/19/07,0.21,0,0,46,38
USW00094789,"JFK INTERNATIONAL AIRPORT, NY US",11/20/07,0.1,0,0,49,38
USW00094789,"JFK INTERNATIONAL AIRPORT, NY US",11/21/07,0,0,0,56,40
USW00094789,"JFK INTERNATIONAL AIRPORT, NY US",11/22/07,0.04,0,0,61,40
USW00094789,"JFK INTERNATIONAL AIRPORT, NY US",11/23/07,0,0,0,42,30
USW00094789,"JFK INTERNATIONAL AIRPORT, NY US",11/24/07,0,0,0,38,25
USW00094789,"JFK INTERNATIONAL AIRPORT, NY US",11/25/07,0,0,0,47,33
USW00094789,"JFK INTERNATIONAL AIRPORT, NY US",11/26/07,0.93,0,0,56,41
USW00094789,"JFK INTERNATIONAL AIRPORT, NY US",11/27/07,0.13,0,0,63,44
USW00094789,"JFK INTERNATIONAL AIRPORT, NY US",11/28/07,0,0,0,46,36
USW00094789,"JFK INTERNATIONAL AIRPORT, NY US",11/29/07,0,0,0,49,40
USW00094789,"JFK INTERNATIONAL AIRPORT, NY US",11/30/07,0,0,0,43,36
USW00094789,"JFK INTERNATIONAL AIRPORT, NY US",12/1/07,0,0,0,39,25
USW00094789,"JFK INTERNATIONAL AIRPORT, NY US",12/2/07,0.31,0.9,0,47,20
USW00094789,"JFK INTERNATIONAL AIRPORT, NY US",12/3/07,0.39,0,0,50,33
USW00094789,"JFK INTERNATIONAL AIRPORT, NY US",12/4/07,0,0,0,36,29
USW00094789,"JFK INTERNATIONAL AIRPORT, NY US",12/5/07,0.02,0.3,0,33,28
USW00094789,"JFK INTERNATIONAL AIRPORT, NY US",12/6/07,0,0,0,35,21
USW00094789,"JFK INTERNATIONAL AIRPORT, NY US",12/7/07,0,0,0,35,24
USW00094789,"JFK INTERNATIONAL AIRPORT, NY US",12/8/07,0,0,0,46,34
USW00094789,"JFK INTERNATIONAL AIRPORT, NY US",12/9/07,0.34,0,0,40,34
USW00094789,"JFK INTERNATIONAL AIRPORT, NY US",12/10/07,0.07,0,0,41,37
USW00094789,"JFK INTERNATIONAL AIRPORT, NY US",12/11/07,0.02,0,0,45,34
USW00094789,"JFK INTERNATIONAL AIRPORT, NY US",12/12/07,0,0,0,54,34
USW00094789,"JFK INTERNATIONAL AIRPORT, NY US",12/13/07,0.74,0.6,0,36,30
USW00094789,"JFK INTERNATIONAL AIRPORT, NY US",12/14/07,0,0,1,44,31
USW00094789,"JFK INTERNATIONAL AIRPORT, NY US",12/15/07,0,0,0,36,30
USW00094789,"JFK INTERNATIONAL AIRPORT, NY US",12/16/07,0.72,0.6,0,40,31
USW00094789,"JFK INTERNATIONAL AIRPORT, NY US",12/17/07,0,0,0,34,26
USW00094789,"JFK INTERNATIONAL AIRPORT, NY US",12/18/07,0,0,0,37,29
USW00094789,"JFK INTERNATIONAL AIRPORT, NY US",12/19/07,0.06,0,0,45,30
USW00094789,"JFK INTERNATIONAL AIRPORT, NY US",12/20/07,0,0,0,46,36
USW00094789,"JFK INTERNATIONAL AIRPORT, NY US",12/21/07,0,0,0,43,34
USW00094789,"JFK INTERNATIONAL AIRPORT, NY US",12/22/07,0,0,0,44,35
USW00094789,"JFK INTERNATIONAL AIRPORT, NY US",12/23/07,0.65,0,0,55,41
USW00094789,"JFK INTERNATIONAL AIRPORT, NY US",12/24/07,0,0,0,51,36
USW00094789,"JFK INTERNATIONAL AIRPORT, NY US",12/25/07,0,0,0,45,33
USW00094789,"JFK INTERNATIONAL AIRPORT, NY US",12/26/07,0.23,0,0,38,28
USW00094789,"JFK INTERNATIONAL AIRPORT, NY US",12/27/07,0.02,0,0,42,37
USW00094789,"JFK INTERNATIONAL AIRPORT, NY US",12/28/07,0.01,0,0,50,35
USW00094789,"JFK INTERNATIONAL AIRPORT, NY US",12/29/07,0.46,0,0,52,42
USW00094789,"JFK INTERNATIONAL AIRPORT, NY US",12/30/07,0.17,0,0,42,35
USW00094789,"JFK INTERNATIONAL AIRPORT, NY US",12/31/07,0.18,0,0,45,32
USW00094789,"JFK INTERNATIONAL AIRPORT, NY US",1/1/08,0.07,0,0,48,29
USW00094789,"JFK INTERNATIONAL AIRPORT, NY US",1/2/08,0,0,0,37,17
USW00094789,"JFK INTERNATIONAL AIRPORT, NY US",1/3/08,0,0,0,22,14
USW00094789,"JFK INTERNATIONAL AIRPORT, NY US",1/4/08,0,0,0,37,14
USW00094789,"JFK INTERNATIONAL AIRPORT, NY US",1/5/08,0.06,0,0,40,26
USW00094789,"JFK INTERNATIONAL AIRPORT, NY US",1/6/08,0,0,0,44,34
USW00094789,"JFK INTERNATIONAL AIRPORT, NY US",1/7/08,0,0,0,53,37
USW00094789,"JFK INTERNATIONAL AIRPORT, NY US",1/8/08,0,0,0,54,41
USW00094789,"JFK INTERNATIONAL AIRPORT, NY US",1/9/08,0,0,0,65,44
USW00094789,"JFK INTERNATIONAL AIRPORT, NY US",1/10/08,0,0,0,50,39
USW00094789,"JFK INTERNATIONAL AIRPORT, NY US",1/11/08,0.59,0,0,53,41
USW00094789,"JFK INTERNATIONAL AIRPORT, NY US",1/12/08,0,0,0,50,39
USW00094789,"JFK INTERNATIONAL AIRPORT, NY US",1/13/08,0.38,0,0,47,31
USW00094789,"JFK INTERNATIONAL AIRPORT, NY US",1/14/08,0.39,0.3,0,40,33
USW00094789,"JFK INTERNATIONAL AIRPORT, NY US",1/15/08,0,0,0,41,33
USW00094789,"JFK INTERNATIONAL AIRPORT, NY US",1/16/08,0,0,0,40,27
USW00094789,"JFK INTERNATIONAL AIRPORT, NY US",1/17/08,0.26,0,0,40,25
USW00094789,"JFK INTERNATIONAL AIRPORT, NY US",1/18/08,0.53,0,0,49,37
USW00094789,"JFK INTERNATIONAL AIRPORT, NY US",1/19/08,0,0,0,37,32
USW00094789,"JFK INTERNATIONAL AIRPORT, NY US",1/20/08,0,0,0,35,18
USW00094789,"JFK INTERNATIONAL AIRPORT, NY US",1/21/08,0,0,0,26,15
USW00094789,"JFK INTERNATIONAL AIRPORT, NY US",1/22/08,0.01,0.1,0,38,21
USW00094789,"JFK INTERNATIONAL AIRPORT, NY US",1/23/08,0,0,0,41,30
USW00094789,"JFK INTERNATIONAL AIRPORT, NY US",1/24/08,0,0,0,34,23
USW00094789,"JFK INTERNATIONAL AIRPORT, NY US",1/25/08,0,0,0,34,21
USW00094789,"JFK INTERNATIONAL AIRPORT, NY US",1/26/08,0,0,0,32,25
USW00094789,"JFK INTERNATIONAL AIRPORT, NY US",1/27/08,0,0,0,40,30
USW00094789,"JFK INTERNATIONAL AIRPORT, NY US",1/28/08,0,0,0,43,28
USW00094789,"JFK INTERNATIONAL AIRPORT, NY US",1/29/08,0,0,0,42,25
USW00094789,"JFK INTERNATIONAL AIRPORT, NY US",1/30/08,0.04,0,0,47,33
USW00094789,"JFK INTERNATIONAL AIRPORT, NY US",1/31/08,0,0,0,39,28
USW00094789,"JFK INTERNATIONAL AIRPORT, NY US",2/1/08,1.51,0,0,54,28
USW00094789,"JFK INTERNATIONAL AIRPORT, NY US",2/2/08,0,0,0,46,33
USW00094789,"JFK INTERNATIONAL AIRPORT, NY US",2/3/08,0,0,0,46,28
USW00094789,"JFK INTERNATIONAL AIRPORT, NY US",2/4/08,0.07,0.1,0,42,33
USW00094789,"JFK INTERNATIONAL AIRPORT, NY US",2/5/08,0,0,0,53,41
USW00094789,"JFK INTERNATIONAL AIRPORT, NY US",2/6/08,0,0,0,67,44
USW00094789,"JFK INTERNATIONAL AIRPORT, NY US",2/7/08,0.04,0,0,50,39
USW00094789,"JFK INTERNATIONAL AIRPORT, NY US",2/8/08,0,0,0,46,35
USW00094789,"JFK INTERNATIONAL AIRPORT, NY US",2/9/08,0.13,0,0,43,32
USW00094789,"JFK INTERNATIONAL AIRPORT, NY US",2/10/08,0,0,0,46,15
USW00094789,"JFK INTERNATIONAL AIRPORT, NY US",2/11/08,0,0,0,25,11
USW00094789,"JFK INTERNATIONAL AIRPORT, NY US",2/12/08,0.57,1.9,0,34,17
USW00094789,"JFK INTERNATIONAL AIRPORT, NY US",2/13/08,1.19,0,1,52,34
USW00094789,"JFK INTERNATIONAL AIRPORT, NY US",2/14/08,0,0,0,42,29
USW00094789,"JFK INTERNATIONAL AIRPORT, NY US",2/15/08,0,0,0,48,30
USW00094789,"JFK INTERNATIONAL AIRPORT, NY US",2/16/08,0,0,0,35,23
USW00094789,"JFK INTERNATIONAL AIRPORT, NY US",2/17/08,0.11,0,0,48,27
USW00094789,"JFK INTERNATIONAL AIRPORT, NY US",2/18/08,0.2,0,0,55,40
USW00094789,"JFK INTERNATIONAL AIRPORT, NY US",2/19/08,0,0,0,44,28
USW00094789,"JFK INTERNATIONAL AIRPORT, NY US",2/20/08,0,0,0,34,24
USW00094789,"JFK INTERNATIONAL AIRPORT, NY US",2/21/08,0,0,0,34,21
USW00094789,"JFK INTERNATIONAL AIRPORT, NY US",2/22/08,0.65,6.9,5,34,26
USW00094789,"JFK INTERNATIONAL AIRPORT, NY US",2/23/08,0,0,3,34,29
USW00094789,"JFK INTERNATIONAL AIRPORT, NY US",2/24/08,0,0,3,36,22
USW00094789,"JFK INTERNATIONAL AIRPORT, NY US",2/25/08,0,0,2,45,28
USW00094789,"JFK INTERNATIONAL AIRPORT, NY US",2/26/08,0.12,0,1,47,32
USW00094789,"JFK INTERNATIONAL AIRPORT, NY US",2/27/08,0,0,0,44,23
USW00094789,"JFK INTERNATIONAL AIRPORT, NY US",2/28/08,0,0,0,30,18
USW00094789,"JFK INTERNATIONAL AIRPORT, NY US",2/29/08,0.11,0,0,37,17
USW00094789,"JFK INTERNATIONAL AIRPORT, NY US",3/1/08,0.09,0,0,47,33
USW00094789,"JFK INTERNATIONAL AIRPORT, NY US",3/2/08,0,0,0,44,29
USW00094789,"JFK INTERNATIONAL AIRPORT, NY US",3/3/08,0,0,0,48,29
USW00094789,"JFK INTERNATIONAL AIRPORT, NY US",3/4/08,0,0,0,53,44
USW00094789,"JFK INTERNATIONAL AIRPORT, NY US",3/5/08,0.28,0,0,55,39
USW00094789,"JFK INTERNATIONAL AIRPORT, NY US",3/6/08,0,0,0,44,33
USW00094789,"JFK INTERNATIONAL AIRPORT, NY US",3/7/08,1.58,0,0,51,32
USW00094789,"JFK INTERNATIONAL AIRPORT, NY US",3/8/08,0.55,0,0,56,37
USW00094789,"JFK INTERNATIONAL AIRPORT, NY US",3/9/08,0,0,0,43,30
USW00094789,"JFK INTERNATIONAL AIRPORT, NY US",3/10/08,0,0,0,45,28
USW00094789,"JFK INTERNATIONAL AIRPORT, NY US",3/11/08,0,0,0,45,33
USW00094789,"JFK INTERNATIONAL AIRPORT, NY US",3/12/08,0,0,0,51,34
USW00094789,"JFK INTERNATIONAL AIRPORT, NY US",3/13/08,0,0,0,42,30
USW00094789,"JFK INTERNATIONAL AIRPORT, NY US",3/14/08,0,0,0,55,37
USW00094789,"JFK INTERNATIONAL AIRPORT, NY US",3/15/08,0.09,0,0,55,41
USW00094789,"JFK INTERNATIONAL AIRPORT, NY US",3/16/08,0.01,0,0,47,35
USW00094789,"JFK INTERNATIONAL AIRPORT, NY US",3/17/08,0,0,0,49,30
USW00094789,"JFK INTERNATIONAL AIRPORT, NY US",3/18/08,0,0,0,42,34
USW00094789,"JFK INTERNATIONAL AIRPORT, NY US",3/19/08,0.77,0,0,50,41
USW00094789,"JFK INTERNATIONAL AIRPORT, NY US",3/20/08,0.13,0,0,54,36
USW00094789,"JFK INTERNATIONAL AIRPORT, NY US",3/21/08,0,0,0,46,33
USW00094789,"JFK INTERNATIONAL AIRPORT, NY US",3/22/08,0,0,0,50,35
USW00094789,"JFK INTERNATIONAL AIRPORT, NY US",3/23/08,0,0,0,46,30
USW00094789,"JFK INTERNATIONAL AIRPORT, NY US",3/24/08,0,0,0,45,31
USW00094789,"JFK INTERNATIONAL AIRPORT, NY US",3/25/08,0,0,0,43,30
USW00094789,"JFK INTERNATIONAL AIRPORT, NY US",3/26/08,0,0,0,63,42
USW00094789,"JFK INTERNATIONAL AIRPORT, NY US",3/27/08,0.01,0,0,49,39
USW00094789,"JFK INTERNATIONAL AIRPORT, NY US",3/28/08,0,0,0,52,39
USW00094789,"JFK INTERNATIONAL AIRPORT, NY US",3/29/08,0,0,0,48,32
USW00094789,"JFK INTERNATIONAL AIRPORT, NY US",3/30/08,0,0,0,42,27
USW00094789,"JFK INTERNATIONAL AIRPORT, NY US",3/31/08,0.09,0,0,50,37
USW00094789,"JFK INTERNATIONAL AIRPORT, NY US",4/1/08,0.17,0,0,60,49
USW00094789,"JFK INTERNATIONAL AIRPORT, NY US",4/2/08,0,0,0,56,37
USW00094789,"JFK INTERNATIONAL AIRPORT, NY US",4/3/08,0.04,0,0,46,29
USW00094789,"JFK INTERNATIONAL AIRPORT, NY US",4/4/08,0.62,0,0,54,42
USW00094789,"JFK INTERNATIONAL AIRPORT, NY US",4/5/08,0.05,0,0,60,48
USW00094789,"JFK INTERNATIONAL AIRPORT, NY US",4/6/08,0,0,0,50,42
USW00094789,"JFK INTERNATIONAL AIRPORT, NY US",4/7/08,0,0,0,50,40
USW00094789,"JFK INTERNATIONAL AIRPORT, NY US",4/8/08,0,0,0,53,41
USW00094789,"JFK INTERNATIONAL AIRPORT, NY US",4/9/08,0.01,0,0,51,38
USW00094789,"JFK INTERNATIONAL AIRPORT, NY US",4/10/08,0,0,0,72,47
USW00094789,"JFK INTERNATIONAL AIRPORT, NY US",4/11/08,0.04,0,0,58,47
USW00094789,"JFK INTERNATIONAL AIRPORT, NY US",4/12/08,0.6,0,0,66,49
USW00094789,"JFK INTERNATIONAL AIRPORT, NY US",4/13/08,0,0,0,57,43
USW00094789,"JFK INTERNATIONAL AIRPORT, NY US",4/14/08,0,0,0,55,38
USW00094789,"JFK INTERNATIONAL AIRPORT, NY US",4/15/08,0,0,0,59,39
USW00094789,"JFK INTERNATIONAL AIRPORT, NY US",4/16/08,0,0,0,61,40
USW00094789,"JFK INTERNATIONAL AIRPORT, NY US",4/17/08,0,0,0,64,39
USW00094789,"JFK INTERNATIONAL AIRPORT, NY US",4/18/08,0,0,0,68,44
USW00094789,"JFK INTERNATIONAL AIRPORT, NY US",4/19/08,0,0,0,69,49
USW00094789,"JFK INTERNATIONAL AIRPORT, NY US",4/20/08,0,0,0,63,50
USW00094789,"JFK INTERNATIONAL AIRPORT, NY US",4/21/08,0,0,0,65,49
USW00094789,"JFK INTERNATIONAL AIRPORT, NY US",4/22/08,0,0,0,68,48
USW00094789,"JFK INTERNATIONAL AIRPORT, NY US",4/23/08,0,0,0,69,50
USW00094789,"JFK INTERNATIONAL AIRPORT, NY US",4/24/08,0,0,0,79,55
USW00094789,"JFK INTERNATIONAL AIRPORT, NY US",4/25/08,0.01,0,0,65,49
USW00094789,"JFK INTERNATIONAL AIRPORT, NY US",4/26/08,0.01,0,0,59,49
USW00094789,"JFK INTERNATIONAL AIRPORT, NY US",4/27/08,0.04,0,0,52,48
USW00094789,"JFK INTERNATIONAL AIRPORT, NY US",4/28/08,1.05,0,0,58,47
USW00094789,"JFK INTERNATIONAL AIRPORT, NY US",4/29/08,0.11,0,0,59,46
USW00094789,"JFK INTERNATIONAL AIRPORT, NY US",4/30/08,0,0,0,57,42
USW00094789,"JFK INTERNATIONAL AIRPORT, NY US",5/1/08,0.08,0,0,56,38
USW00094789,"JFK INTERNATIONAL AIRPORT, NY US",5/2/08,0.17,0,0,61,50
USW00094789,"JFK INTERNATIONAL AIRPORT, NY US",5/3/08,0,0,0,58,49
USW00094789,"JFK INTERNATIONAL AIRPORT, NY US",5/4/08,0.03,0,0,71,50
USW00094789,"JFK INTERNATIONAL AIRPORT, NY US",5/5/08,0,0,0,68,50
USW00094789,"JFK INTERNATIONAL AIRPORT, NY US",5/6/08,0,0,0,77,47
USW00094789,"JFK INTERNATIONAL AIRPORT, NY US",5/7/08,0,0,0,70,53
USW00094789,"JFK INTERNATIONAL AIRPORT, NY US",5/8/08,0,0,0,74,60
USW00094789,"JFK INTERNATIONAL AIRPORT, NY US",5/9/08,0.95,0,0,66,49
USW00094789,"JFK INTERNATIONAL AIRPORT, NY US",5/10/08,0,0,0,65,49
USW00094789,"JFK INTERNATIONAL AIRPORT, NY US",5/11/08,0,0,0,58,47
USW00094789,"JFK INTERNATIONAL AIRPORT, NY US",5/12/08,0.29,0,0,53,46
USW00094789,"JFK INTERNATIONAL AIRPORT, NY US",5/13/08,0,0,0,71,50
USW00094789,"JFK INTERNATIONAL AIRPORT, NY US",5/14/08,0,0,0,72,50
USW00094789,"JFK INTERNATIONAL AIRPORT, NY US",5/15/08,0,0,0,69,53
USW00094789,"JFK INTERNATIONAL AIRPORT, NY US",5/16/08,0.83,0,0,61,50
USW00094789,"JFK INTERNATIONAL AIRPORT, NY US",5/17/08,0.04,0,0,73,48
USW00094789,"JFK INTERNATIONAL AIRPORT, NY US",5/18/08,0.07,0,0,65,55
USW00094789,"JFK INTERNATIONAL AIRPORT, NY US",5/19/08,0,0,0,61,50
USW00094789,"JFK INTERNATIONAL AIRPORT, NY US",5/20/08,0.45,0,0,55,48
USW00094789,"JFK INTERNATIONAL AIRPORT, NY US",5/21/08,0,0,0,66,47
USW00094789,"JFK INTERNATIONAL AIRPORT, NY US",5/22/08,0.05,0,0,63,49
USW00094789,"JFK INTERNATIONAL AIRPORT, NY US",5/23/08,0,0,0,71,50
USW00094789,"JFK INTERNATIONAL AIRPORT, NY US",5/24/08,0,0,0,73,55
USW00094789,"JFK INTERNATIONAL AIRPORT, NY US",5/25/08,0,0,0,75,54
USW00094789,"JFK INTERNATIONAL AIRPORT, NY US",5/26/08,0,0,0,69,54
USW00094789,"JFK INTERNATIONAL AIRPORT, NY US",5/27/08,0.12,0,0,74,59
USW00094789,"JFK INTERNATIONAL AIRPORT, NY US",5/28/08,0,0,0,69,54
USW00094789,"JFK INTERNATIONAL AIRPORT, NY US",5/29/08,0,0,0,76,51
USW00094789,"JFK INTERNATIONAL AIRPORT, NY US",5/30/08,0,0,0,77,55
USW00094789,"JFK INTERNATIONAL AIRPORT, NY US",5/31/08,0.17,0,0,68,60
USW00094789,"JFK INTERNATIONAL AIRPORT, NY US",6/1/08,0,0,0,83,65
USW00094789,"JFK INTERNATIONAL AIRPORT, NY US",6/2/08,0,0,0,83,60
USW00094789,"JFK INTERNATIONAL AIRPORT, NY US",6/3/08,0,0,0,80,60
USW00094789,"JFK INTERNATIONAL AIRPORT, NY US",6/4/08,0.75,0,0,74,58
USW00094789,"JFK INTERNATIONAL AIRPORT, NY US",6/5/08,0.03,0,0,72,61
USW00094789,"JFK INTERNATIONAL AIRPORT, NY US",6/6/08,0,0,0,68,58
USW00094789,"JFK INTERNATIONAL AIRPORT, NY US",6/7/08,0,0,0,86,61
USW00094789,"JFK INTERNATIONAL AIRPORT, NY US",6/8/08,0.38,0,0,93,71
USW00094789,"JFK INTERNATIONAL AIRPORT, NY US",6/9/08,0,0,0,95,69
USW00094789,"JFK INTERNATIONAL AIRPORT, NY US",6/10/08,0.01,0,0,92,73
USW00094789,"JFK INTERNATIONAL AIRPORT, NY US",6/11/08,0,0,0,87,72
USW00094789,"JFK INTERNATIONAL AIRPORT, NY US",6/12/08,0,0,0,86,66
USW00094789,"JFK INTERNATIONAL AIRPORT, NY US",6/13/08,0,0,0,79,63
USW00094789,"JFK INTERNATIONAL AIRPORT, NY US",6/14/08,1.66,0,0,84,67
USW00094789,"JFK INTERNATIONAL AIRPORT, NY US",6/15/08,0.05,0,0,83,63
USW00094789,"JFK INTERNATIONAL AIRPORT, NY US",6/16/08,0.13,0,0,75,63
USW00094789,"JFK INTERNATIONAL AIRPORT, NY US",6/17/08,0,0,0,79,60
USW00094789,"JFK INTERNATIONAL AIRPORT, NY US",6/18/08,0.07,0,0,76,59
USW00094789,"JFK INTERNATIONAL AIRPORT, NY US",6/19/08,0,0,0,74,59
USW00094789,"JFK INTERNATIONAL AIRPORT, NY US",6/20/08,0,0,0,77,60
USW00094789,"JFK INTERNATIONAL AIRPORT, NY US",6/21/08,0,0,0,79,62
USW00094789,"JFK INTERNATIONAL AIRPORT, NY US",6/22/08,0,0,0,77,67
USW00094789,"JFK INTERNATIONAL AIRPORT, NY US",6/23/08,0.11,0,0,76,68
USW00094789,"JFK INTERNATIONAL AIRPORT, NY US",6/24/08,0,0,0,82,68
USW00094789,"JFK INTERNATIONAL AIRPORT, NY US",6/25/08,0,0,0,84,65
USW00094789,"JFK INTERNATIONAL AIRPORT, NY US",6/26/08,0.02,0,0,84,69
USW00094789,"JFK INTERNATIONAL AIRPORT, NY US",6/27/08,0,0,0,90,69
USW00094789,"JFK INTERNATIONAL AIRPORT, NY US",6/28/08,0.12,0,0,85,70
USW00094789,"JFK INTERNATIONAL AIRPORT, NY US",6/29/08,0.02,0,0,86,73
USW00094789,"JFK INTERNATIONAL AIRPORT, NY US",6/30/08,0.2,0,0,84,69
USW00094789,"JFK INTERNATIONAL AIRPORT, NY US",7/1/08,0,0,0,82,68
USW00094789,"JFK INTERNATIONAL AIRPORT, NY US",7/2/08,0,0,0,87,66
USW00094789,"JFK INTERNATIONAL AIRPORT, NY US",7/3/08,0,0,0,84,68
USW00094789,"JFK INTERNATIONAL AIRPORT, NY US",7/4/08,0.05,0,0,82,69
USW00094789,"JFK INTERNATIONAL AIRPORT, NY US",7/5/08,0.11,0,0,75,68
USW00094789,"JFK INTERNATIONAL AIRPORT, NY US",7/6/08,0,0,0,78,70
USW00094789,"JFK INTERNATIONAL AIRPORT, NY US",7/7/08,0,0,0,82,69
USW00094789,"JFK INTERNATIONAL AIRPORT, NY US",7/8/08,0,0,0,85,71
USW00094789,"JFK INTERNATIONAL AIRPORT, NY US",7/9/08,0.06,0,0,87,71
USW00094789,"JFK INTERNATIONAL AIRPORT, NY US",7/10/08,0,0,0,89,73
USW00094789,"JFK INTERNATIONAL AIRPORT, NY US",7/11/08,0,0,0,85,66
USW00094789,"JFK INTERNATIONAL AIRPORT, NY US",7/12/08,0,0,0,84,69
USW00094789,"JFK INTERNATIONAL AIRPORT, NY US",7/13/08,0,0,0,82,70
USW00094789,"JFK INTERNATIONAL AIRPORT, NY US",7/14/08,0.1,0,0,81,71
USW00094789,"JFK INTERNATIONAL AIRPORT, NY US",7/15/08,0,0,0,89,69
USW00094789,"JFK INTERNATIONAL AIRPORT, NY US",7/16/08,0,0,0,89,67
USW00094789,"JFK INTERNATIONAL AIRPORT, NY US",7/17/08,0,0,0,90,70
USW00094789,"JFK INTERNATIONAL AIRPORT, NY US",7/18/08,0,0,0,92,73
USW00094789,"JFK INTERNATIONAL AIRPORT, NY US",7/19/08,0,0,0,92,75
USW00094789,"JFK INTERNATIONAL AIRPORT, NY US",7/20/08,0,0,0,88,74
USW00094789,"JFK INTERNATIONAL AIRPORT, NY US",7/21/08,0,0,0,89,73
USW00094789,"JFK INTERNATIONAL AIRPORT, NY US",7/22/08,1.16,0,0,82,72
USW00094789,"JFK INTERNATIONAL AIRPORT, NY US",7/23/08,0.1,0,0,80,71
USW00094789,"JFK INTERNATIONAL AIRPORT, NY US",7/24/08,1.09,0,0,80,69
USW00094789,"JFK INTERNATIONAL AIRPORT, NY US",7/25/08,0,0,0,87,65
USW00094789,"JFK INTERNATIONAL AIRPORT, NY US",7/26/08,0,0,0,84,69
USW00094789,"JFK INTERNATIONAL AIRPORT, NY US",7/27/08,0.63,0,0,78,68
USW00094789,"JFK INTERNATIONAL AIRPORT, NY US",7/28/08,0,0,0,81,63
USW00094789,"JFK INTERNATIONAL AIRPORT, NY US",7/29/08,0,0,0,91,71
USW00094789,"JFK INTERNATIONAL AIRPORT, NY US",7/30/08,0,0,0,84,73
USW00094789,"JFK INTERNATIONAL AIRPORT, NY US",7/31/08,0,0,0,89,73
USW00094789,"JFK INTERNATIONAL AIRPORT, NY US",8/1/08,0,0,0,88,71
USW00094789,"JFK INTERNATIONAL AIRPORT, NY US",8/2/08,0.14,0,0,83,69
USW00094789,"JFK INTERNATIONAL AIRPORT, NY US",8/3/08,0,0,0,85,67
USW00094789,"JFK INTERNATIONAL AIRPORT, NY US",8/4/08,0,0,0,87,69
USW00094789,"JFK INTERNATIONAL AIRPORT, NY US",8/5/08,0,0,0,81,69
USW00094789,"JFK INTERNATIONAL AIRPORT, NY US",8/6/08,0.05,0,0,90,73
USW00094789,"JFK INTERNATIONAL AIRPORT, NY US",8/7/08,0,0,0,82,67
USW00094789,"JFK INTERNATIONAL AIRPORT, NY US",8/8/08,0.05,0,0,82,66
USW00094789,"JFK INTERNATIONAL AIRPORT, NY US",8/9/08,0,0,0,80,65
USW00094789,"JFK INTERNATIONAL AIRPORT, NY US",8/10/08,0.1,0,0,81,66
USW00094789,"JFK INTERNATIONAL AIRPORT, NY US",8/11/08,0.26,0,0,76,62
USW00094789,"JFK INTERNATIONAL AIRPORT, NY US",8/12/08,0.07,0,0,83,62
USW00094789,"JFK INTERNATIONAL AIRPORT, NY US",8/13/08,0,0,0,79,66
USW00094789,"JFK INTERNATIONAL AIRPORT, NY US",8/14/08,0.96,0,0,82,65
USW00094789,"JFK INTERNATIONAL AIRPORT, NY US",8/15/08,1.02,0,0,78,66
USW00094789,"JFK INTERNATIONAL AIRPORT, NY US",8/16/08,0,0,0,83,64
USW00094789,"JFK INTERNATIONAL AIRPORT, NY US",8/17/08,0,0,0,84,66
USW00094789,"JFK INTERNATIONAL AIRPORT, NY US",8/18/08,0,0,0,85,69
USW00094789,"JFK INTERNATIONAL AIRPORT, NY US",8/19/08,0,0,0,87,65
USW00094789,"JFK INTERNATIONAL AIRPORT, NY US",8/20/08,0,0,0,75,59
USW00094789,"JFK INTERNATIONAL AIRPORT, NY US",8/21/08,0,0,0,78,61
USW00094789,"JFK INTERNATIONAL AIRPORT, NY US",8/22/08,0,0,0,79,64
USW00094789,"JFK INTERNATIONAL AIRPORT, NY US",8/23/08,0,0,0,78,62
USW00094789,"JFK INTERNATIONAL AIRPORT, NY US",8/24/08,0,0,0,79,68
USW00094789,"JFK INTERNATIONAL AIRPORT, NY US",8/25/08,0,0,0,85,67
USW00094789,"JFK INTERNATIONAL AIRPORT, NY US",8/26/08,0,0,0,80,60
USW00094789,"JFK INTERNATIONAL AIRPORT, NY US",8/27/08,0,0,0,77,60
USW00094789,"JFK INTERNATIONAL AIRPORT, NY US",8/28/08,0,0,0,82,61
USW00094789,"JFK INTERNATIONAL AIRPORT, NY US",8/29/08,0,0,0,78,63
USW00094789,"JFK INTERNATIONAL AIRPORT, NY US",8/30/08,0.56,0,0,83,69
USW00094789,"JFK INTERNATIONAL AIRPORT, NY US",8/31/08,0,0,0,85,65
USW00094789,"JFK INTERNATIONAL AIRPORT, NY US",9/1/08,0,0,0,85,65
USW00094789,"JFK INTERNATIONAL AIRPORT, NY US",9/2/08,0,0,0,88,67
USW00094789,"JFK INTERNATIONAL AIRPORT, NY US",9/3/08,0,0,0,79,68
USW00094789,"JFK INTERNATIONAL AIRPORT, NY US",9/4/08,0,0,0,84,70
USW00094789,"JFK INTERNATIONAL AIRPORT, NY US",9/5/08,0.38,0,0,83,70
USW00094789,"JFK INTERNATIONAL AIRPORT, NY US",9/6/08,2.51,0,0,81,72
USW00094789,"JFK INTERNATIONAL AIRPORT, NY US",9/7/08,0,0,0,81,69
USW00094789,"JFK INTERNATIONAL AIRPORT, NY US",9/8/08,0,0,0,80,66
USW00094789,"JFK INTERNATIONAL AIRPORT, NY US",9/9/08,0.77,0,0,75,66
USW00094789,"JFK INTERNATIONAL AIRPORT, NY US",9/10/08,0,0,0,74,60
USW00094789,"JFK INTERNATIONAL AIRPORT, NY US",9/11/08,0,0,0,73,61
USW00094789,"JFK INTERNATIONAL AIRPORT, NY US",9/12/08,0.63,0,0,71,65
USW00094789,"JFK INTERNATIONAL AIRPORT, NY US",9/13/08,0,0,0,79,67
USW00094789,"JFK INTERNATIONAL AIRPORT, NY US",9/14/08,0,0,0,83,70
USW00094789,"JFK INTERNATIONAL AIRPORT, NY US",9/15/08,0,0,0,85,67
USW00094789,"JFK INTERNATIONAL AIRPORT, NY US",9/16/08,0,0,0,71,61
USW00094789,"JFK INTERNATIONAL AIRPORT, NY US",9/17/08,0,0,0,75,58
USW00094789,"JFK INTERNATIONAL AIRPORT, NY US",9/18/08,0,0,0,76,59
USW00094789,"JFK INTERNATIONAL AIRPORT, NY US",9/19/08,0,0,0,68,53
USW00094789,"JFK INTERNATIONAL AIRPORT, NY US",9/20/08,0,0,0,69,52
USW00094789,"JFK INTERNATIONAL AIRPORT, NY US",9/21/08,0,0,0,77,55
USW00094789,"JFK INTERNATIONAL AIRPORT, NY US",9/22/08,0,0,0,74,57
USW00094789,"JFK INTERNATIONAL AIRPORT, NY US",9/23/08,0,0,0,71,55
USW00094789,"JFK INTERNATIONAL AIRPORT, NY US",9/24/08,0,0,0,72,53
USW00094789,"JFK INTERNATIONAL AIRPORT, NY US",9/25/08,0.18,0,0,69,55
USW00094789,"JFK INTERNATIONAL AIRPORT, NY US",9/26/08,2.03,0,0,70,60
USW00094789,"JFK INTERNATIONAL AIRPORT, NY US",9/27/08,0.07,0,0,71,66
USW00094789,"JFK INTERNATIONAL AIRPORT, NY US",9/28/08,0.16,0,0,76,66
USW00094789,"JFK INTERNATIONAL AIRPORT, NY US",9/29/08,0.01,0,0,77,61
USW00094789,"JFK INTERNATIONAL AIRPORT, NY US",9/30/08,0,0,0,71,61
USW00094789,"JFK INTERNATIONAL AIRPORT, NY US",10/1/08,0.7,0,0,73,59
USW00094789,"JFK INTERNATIONAL AIRPORT, NY US",10/2/08,0.01,0,0,65,54
USW00094789,"JFK INTERNATIONAL AIRPORT, NY US",10/3/08,0,0,0,67,49
USW00094789,"JFK INTERNATIONAL AIRPORT, NY US",10/4/08,0,0,0,64,46
USW00094789,"JFK INTERNATIONAL AIRPORT, NY US",10/5/08,0.16,0,0,66,53
USW00094789,"JFK INTERNATIONAL AIRPORT, NY US",10/6/08,0,0,0,66,49
USW00094789,"JFK INTERNATIONAL AIRPORT, NY US",10/7/08,0,0,0,65,45
USW00094789,"JFK INTERNATIONAL AIRPORT, NY US",10/8/08,0,0,0,65,44
USW00094789,"JFK INTERNATIONAL AIRPORT, NY US",10/9/08,0.1,0,0,75,60
USW00094789,"JFK INTERNATIONAL AIRPORT, NY US",10/10/08,0,0,0,76,55
USW00094789,"JFK INTERNATIONAL AIRPORT, NY US",10/11/08,0,0,0,73,53
USW00094789,"JFK INTERNATIONAL AIRPORT, NY US",10/12/08,0,0,0,70,52
USW00094789,"JFK INTERNATIONAL AIRPORT, NY US",10/13/08,0,0,0,78,57
USW00094789,"JFK INTERNATIONAL AIRPORT, NY US",10/14/08,0,0,0,68,56
USW00094789,"JFK INTERNATIONAL AIRPORT, NY US",10/15/08,0,0,0,73,59
USW00094789,"JFK INTERNATIONAL AIRPORT, NY US",10/16/08,0,0,0,79,56
USW00094789,"JFK INTERNATIONAL AIRPORT, NY US",10/17/08,0,0,0,61,51
USW00094789,"JFK INTERNATIONAL AIRPORT, NY US",10/18/08,0,0,0,59,45
USW00094789,"JFK INTERNATIONAL AIRPORT, NY US",10/19/08,0,0,0,57,44
USW00094789,"JFK INTERNATIONAL AIRPORT, NY US",10/20/08,0,0,0,62,39
USW00094789,"JFK INTERNATIONAL AIRPORT, NY US",10/21/08,0,0,0,64,45
USW00094789,"JFK INTERNATIONAL AIRPORT, NY US",10/22/08,0,0,0,55,42
USW00094789,"JFK INTERNATIONAL AIRPORT, NY US",10/23/08,0,0,0,54,39
USW00094789,"JFK INTERNATIONAL AIRPORT, NY US",10/24/08,0,0,0,56,35
USW00094789,"JFK INTERNATIONAL AIRPORT, NY US",10/25/08,0.61,0,0,66,52
USW00094789,"JFK INTERNATIONAL AIRPORT, NY US",10/26/08,0,0,0,63,50
USW00094789,"JFK INTERNATIONAL AIRPORT, NY US",10/27/08,0,0,0,66,47
USW00094789,"JFK INTERNATIONAL AIRPORT, NY US",10/28/08,1.91,0,0,52,40
USW00094789,"JFK INTERNATIONAL AIRPORT, NY US",10/29/08,0.03,0,0,47,39
USW00094789,"JFK INTERNATIONAL AIRPORT, NY US",10/30/08,0,0,0,50,37
USW00094789,"JFK INTERNATIONAL AIRPORT, NY US",10/31/08,0,0,0,62,38
USW00094789,"JFK INTERNATIONAL AIRPORT, NY US",11/1/08,0,0,0,67,47
USW00094789,"JFK INTERNATIONAL AIRPORT, NY US",11/2/08,0,0,0,50,39
USW00094789,"JFK INTERNATIONAL AIRPORT, NY US",11/3/08,0,0,0,58,41
USW00094789,"JFK INTERNATIONAL AIRPORT, NY US",11/4/08,0,0,0,63,47
USW00094789,"JFK INTERNATIONAL AIRPORT, NY US",11/5/08,0.2,0,0,65,55
USW00094789,"JFK INTERNATIONAL AIRPORT, NY US",11/6/08,0.01,0,0,65,60
USW00094789,"JFK INTERNATIONAL AIRPORT, NY US",11/7/08,0,0,0,64,59
USW00094789,"JFK INTERNATIONAL AIRPORT, NY US",11/8/08,0.6,0,0,59,53
USW00094789,"JFK INTERNATIONAL AIRPORT, NY US",11/9/08,0,0,0,58,48
USW00094789,"JFK INTERNATIONAL AIRPORT, NY US",11/10/08,0,0,0,53,43
USW00094789,"JFK INTERNATIONAL AIRPORT, NY US",11/11/08,0,0,0,52,39
USW00094789,"JFK INTERNATIONAL AIRPORT, NY US",11/12/08,0,0,0,49,38
USW00094789,"JFK INTERNATIONAL AIRPORT, NY US",11/13/08,0.34,0,0,58,44
USW00094789,"JFK INTERNATIONAL AIRPORT, NY US",11/14/08,0.01,0,0,61,57
USW00094789,"JFK INTERNATIONAL AIRPORT, NY US",11/15/08,0.63,0,0,64,57
USW00094789,"JFK INTERNATIONAL AIRPORT, NY US",11/16/08,0.17,0,0,59,41
USW00094789,"JFK INTERNATIONAL AIRPORT, NY US",11/17/08,0,0,0,47,38
USW00094789,"JFK INTERNATIONAL AIRPORT, NY US",11/18/08,0,0,0,42,30
USW00094789,"JFK INTERNATIONAL AIRPORT, NY US",11/19/08,0,0,0,37,27
USW00094789,"JFK INTERNATIONAL AIRPORT, NY US",11/20/08,0,0,0,40,30
USW00094789,"JFK INTERNATIONAL AIRPORT, NY US",11/21/08,0,0,0,39,26
USW00094789,"JFK INTERNATIONAL AIRPORT, NY US",11/22/08,0,0,0,34,24
USW00094789,"JFK INTERNATIONAL AIRPORT, NY US",11/23/08,0,0,0,38,25
USW00094789,"JFK INTERNATIONAL AIRPORT, NY US",11/24/08,0.1,0,0,52,30
USW00094789,"JFK INTERNATIONAL AIRPORT, NY US",11/25/08,0.58,0,0,49,36
USW00094789,"JFK INTERNATIONAL AIRPORT, NY US",11/26/08,0,0,0,48,37
USW00094789,"JFK INTERNATIONAL AIRPORT, NY US",11/27/08,0,0,0,45,32
USW00094789,"JFK INTERNATIONAL AIRPORT, NY US",11/28/08,0,0,0,51,34
USW00094789,"JFK INTERNATIONAL AIRPORT, NY US",11/29/08,0,0,0,48,34
USW00094789,"JFK INTERNATIONAL AIRPORT, NY US",11/30/08,0.7,0,0,46,33
USW00094789,"JFK INTERNATIONAL AIRPORT, NY US",12/1/08,0.08,0,0,55,43
USW00094789,"JFK INTERNATIONAL AIRPORT, NY US",12/2/08,0,0,0,46,37
USW00094789,"JFK INTERNATIONAL AIRPORT, NY US",12/3/08,0,0,0,42,33
USW00094789,"JFK INTERNATIONAL AIRPORT, NY US",12/4/08,0.03,0,0,50,40
USW00094789,"JFK INTERNATIONAL AIRPORT, NY US",12/5/08,0,0,0,43,30
USW00094789,"JFK INTERNATIONAL AIRPORT, NY US",12/6/08,0.15,0.6,0,37,24
USW00094789,"JFK INTERNATIONAL AIRPORT, NY US",12/7/08,0.01,0,0,38,21
USW00094789,"JFK INTERNATIONAL AIRPORT, NY US",12/8/08,0,0,0,30,19
USW00094789,"JFK INTERNATIONAL AIRPORT, NY US",12/9/08,0.01,0,0,53,30
USW00094789,"JFK INTERNATIONAL AIRPORT, NY US",12/10/08,0.18,0,0,58,44
USW00094789,"JFK INTERNATIONAL AIRPORT, NY US",12/11/08,2.06,0,0,44,40
USW00094789,"JFK INTERNATIONAL AIRPORT, NY US",12/12/08,1.17,0,0,57,33
USW00094789,"JFK INTERNATIONAL AIRPORT, NY US",12/13/08,0,0,0,34,26
USW00094789,"JFK INTERNATIONAL AIRPORT, NY US",12/14/08,0,0,0,48,25
USW00094789,"JFK INTERNATIONAL AIRPORT, NY US",12/15/08,0.02,0,0,58,46
USW00094789,"JFK INTERNATIONAL AIRPORT, NY US",12/16/08,0.28,0.8,0,57,31
USW00094789,"JFK INTERNATIONAL AIRPORT, NY US",12/17/08,0.25,0,0,44,33
USW00094789,"JFK INTERNATIONAL AIRPORT, NY US",12/18/08,0,0,0,45,31
USW00094789,"JFK INTERNATIONAL AIRPORT, NY US",12/19/08,0.63,2.6,0,41,32
USW00094789,"JFK INTERNATIONAL AIRPORT, NY US",12/20/08,0,0.2,2,32,24
USW00094789,"JFK INTERNATIONAL AIRPORT, NY US",12/21/08,0.62,0.5,3,42,28
USW00094789,"JFK INTERNATIONAL AIRPORT, NY US",12/22/08,0,0,2,28,14
USW00094789,"JFK INTERNATIONAL AIRPORT, NY US",12/23/08,0,0,1,32,20
USW00094789,"JFK INTERNATIONAL AIRPORT, NY US",12/24/08,0.39,0,1,50,32
USW00094789,"JFK INTERNATIONAL AIRPORT, NY US",12/25/08,0.06,0,0,57,32
USW00094789,"JFK INTERNATIONAL AIRPORT, NY US",12/26/08,0.01,0,0,43,28
USW00094789,"JFK INTERNATIONAL AIRPORT, NY US",12/27/08,0.01,0,0,47,41
USW00094789,"JFK INTERNATIONAL AIRPORT, NY US",12/28/08,0,0,0,64,46
USW00094789,"JFK INTERNATIONAL AIRPORT, NY US",12/29/08,0,0,0,49,37
USW00094789,"JFK INTERNATIONAL AIRPORT, NY US",12/30/08,0,0,0,45,31
USW00094789,"JFK INTERNATIONAL AIRPORT, NY US",12/31/08,0.01,0.2,0,36,19